{"IcoMoonType":"selection","icons":[{"icon":{"paths":["M473.6 185.6c35.2 22.4 41.6 35.2 83.2 80 60.8 64 134.4 73.6 147.2 73.6 35.2 3.2 67.2-9.6 67.2-12.8s-25.6 0-60.8-9.6c-9.6-3.2-51.2-12.8-51.2-19.2 0 0 169.6-54.4 272 44.8 57.6 57.6 76.8 163.2 35.2 243.2-6.4 9.6-48 70.4-112 99.2-35.2 16-64 19.2-92.8 16-3.2 0-51.2 169.6-51.2 169.6v0c-12.8-6.4-54.4-48-188.8-41.6-54.4 3.2-96 32-137.6 9.6-35.2-16-44.8-64-44.8-64s35.2 0 92.8-32c48-25.6 60.8-48 60.8-51.2 0 0-38.4 25.6-99.2 38.4-6.4 0-64 16-131.2 0-70.4-16-166.4-67.2-211.2-172.8-60.8-140.8 22.4-268.8 28.8-278.4 9.6-12.8 44.8-64 115.2-99.2 70.4-32 198.4-41.6 278.4 6.4z"],"attrs":[{}],"isMulticolor":false,"isMulticolor2":false,"grid":0,"tags":["wpb01"]},"attrs":[{}],"properties":{"order":125,"id":3,"name":"wpb01","prevSize":32,"code":59648},"setIdx":0,"setId":6,"iconIdx":0},{"icon":{"paths":["M886.4 96h-748.8c-22.4 0-41.6 19.2-41.6 41.6v748.8c0 22.4 19.2 41.6 41.6 41.6h748.8c22.4 0 41.6-19.2 41.6-41.6v-748.8c0-22.4-19.2-41.6-41.6-41.6zM400 697.6h-73.6v-371.2h73.6v371.2zM697.6 697.6h-220.8v-73.6h220.8v73.6zM697.6 550.4h-220.8v-73.6h220.8v73.6zM697.6 400h-220.8v-73.6h220.8v73.6z"],"attrs":[{}],"isMulticolor":false,"isMulticolor2":false,"grid":0,"tags":["elem"]},"attrs":[{}],"properties":{"order":122,"id":0,"name":"elem","prevSize":32,"code":59649},"setIdx":0,"setId":6,"iconIdx":1},{"icon":{"paths":["M320 832h-128v-640h128v640zM832 832h-384v-128h384v128zM832 576h-384v-128h384v128zM832 320h-384v-128h384v128z"],"attrs":[{}],"isMulticolor":false,"isMulticolor2":false,"grid":0,"tags":["elem01"]},"attrs":[{}],"properties":{"order":123,"id":2,"name":"elem01","prevSize":32,"code":59650},"setIdx":0,"setId":6,"iconIdx":2}],"height":1024,"metadata":{"name":"icomoon-hero-icons05"},"preferences":{"showGlyphs":true,"showQuickUse":true,"showQuickUse2":true,"showSVGs":true,"fontPref":{"prefix":"icon-","metadata":{"fontFamily":"icomoon-hero-icons05","majorVersion":1.1,"minorVersion":0},"metrics":{"emSize":1024,"baseline":15,"whitespace":0},"embed":false,"showVersion":true},"imagePref":{"prefix":"icon-","png":true,"useClassSelector":true,"color":0,"bgColor":16777215,"classSelector":".icon","name":"icomoon"},"historySize":50,"showCodes":true,"gridSize":16}}