{"schema":{"folders":{"ultimate_icon_fonts":"Ultimate_VC_Addons\/icon-fonts"}},"theme_options":{"advanced-fvm_enable_integration":"1","advanced-fvm_script_timeout":"50ms","advanced-normalize_resize_on_mobile":"1","advanced-speed_img_resize":"1","blog-fancy_date-style":"vertical","blog-thumbnail_proportions":{"width":2,"height":1},"blog-thumbnail_size":"resize","bottom-bar-style":"solid_background","bottom_bar-bg_color":"rgba(255,255,255,0.12)","bottom_bar-bg_ie_color":"#ffffff","bottom_bar-bg_image":{"image":"","repeat":"repeat","position_x":"center","position_y":"top"},"bottom_bar-bg_opacity":12,"bottom_bar-collapse_after":"990px","bottom_bar-color":"#eeeeee","bottom_bar-copyrights":false,"bottom_bar-credits":"1","bottom_bar-dividers_color":"#dadee1","bottom_bar-dividers_ie_color":"#dadee1","bottom_bar-dividers_opacity":85,"bottom_bar-enabled":"1","bottom_bar-height":"60px","bottom_bar-layout":"logo_left","bottom_bar-logo-padding":"8px 12px 8px 0px","bottom_bar-logo-padding-bottom":8,"bottom_bar-logo-padding-left":0,"bottom_bar-logo-padding-right":12,"bottom_bar-logo-padding-top":8,"bottom_bar-logo_hd":["\/inc\/presets\/images\/full\/skin11r.bottom-bar-logo-hd.png?w=56&h=56",0],"bottom_bar-logo_regular":["\/inc\/presets\/images\/full\/skin11r.bottom-bar-logo-regular.png?w=28&h=28",0],"bottom_bar-menu-collapse_after":"778px","bottom_bar-padding":"10px 10px","bottom_bar-style":"content_width_line","bottom_bar-text":"","breadcrumbs-typography":{"font_family":"Roboto","font_size":"14","line_height":"24","text_transform":"none"},"breadcrumbs_bg_color":"rgba(89,68,146,1)","breadcrumbs_border_color":"rgba(255,255,255,0)","breadcrumbs_border_radius":"2px","breadcrumbs_border_width":"0px","breadcrumbs_margin":"10px 0px 0px 0px","breadcrumbs_padding":"0px 0px 0px 0px","button-shadow":{"color":"rgba(0,0,0,0)","horizontal":"0","vertical":"0","blur":"10","spread":"0","position":"outline"},"button-shadow-hover":{"color":"rgba(0,0,0,0)","horizontal":"0","vertical":"0","blur":"10","spread":"0","position":"outline"},"buttons-border-color":"#ffffff","buttons-border-color_mode":"accent","buttons-color":"#81d742","buttons-color_gradient":"135deg|#13aa4a 30%|#84df31 100%","buttons-color_mode":"accent","buttons-hover-border-color":"#ffffff","buttons-hover-border-color_mode":"accent","buttons-hover_color":"#1fb6c3","buttons-hover_color_gradient":"135deg|#23aadd 30%|#37ce9d 100%","buttons-hover_color_mode":"color","buttons-l-custom-icon-size":false,"buttons-l-icon-size":"16","buttons-l-min-height":"1px","buttons-l-min-width":"1px","buttons-l-typography":{"font_family":"Roboto:700","text_transform":"none","font_size":"16","letter_spacing":"0"},"buttons-l_border_radius":"3px","buttons-l_border_width":"0px","buttons-l_line_height":52,"buttons-l_padding":"14px 16px 14px 16px","buttons-l_padding-bottom":16,"buttons-l_padding-left":24,"buttons-l_padding-right":24,"buttons-l_padding-top":16,"buttons-lg-custom-icon-size":1,"buttons-m-custom-icon-size":false,"buttons-m-icon-size":"14","buttons-m-min-height":"1px","buttons-m-min-width":"1px","buttons-m-typography":{"font_family":"Roboto:700","text_transform":"none","font_size":"14","letter_spacing":"0"},"buttons-m_border_radius":"3px","buttons-m_border_width":"0px","buttons-m_line_height":39,"buttons-m_padding":"10px 14px 10px 14px","buttons-m_padding-bottom":12,"buttons-m_padding-left":18,"buttons-m_padding-right":18,"buttons-m_padding-top":12,"buttons-s-custom-icon-size":false,"buttons-s-icon-size":"12","buttons-s-min-height":"1px","buttons-s-min-width":"1px","buttons-s-typography":{"font_family":"Roboto:700","text_transform":"none","font_size":"12","letter_spacing":"0"},"buttons-s_border_radius":"3px","buttons-s_border_width":"0px","buttons-s_line_height":32,"buttons-s_padding":"8px 10px 8px 10px","buttons-s_padding-bottom":8,"buttons-s_padding-left":14,"buttons-s_padding-right":14,"buttons-s_padding-top":8,"buttons-text_color":"#ffffff","buttons-text_color_mode":"color","buttons-text_hover_color":"#ffffff","buttons-text_hover_color_mode":"color","buttons-xl-custom-icon-size":1,"contact_form_message":"1","content-dividers_color":"#dadee1","content-dividers_ie_color":"#dadee1","content-dividers_opacity":100,"content-headers_color":"#333333","content-links_color":"#36d2d3","content-primary_text_color":"#8b8d94","content-secondary_text_color":"#adafb3","custom_error_messages":"The message has not been sent. Plaese try again.","custom_error_messages_validation":"One or more fields have an error. Please check and try again.","custom_success_messages":"Your message has been sent.","dividers-color":"rgba(0,0,0,0.08)","dividers-opacity":11,"filter-typography":{"font_family":"Roboto:700","font_size":"14","text_transform":"none"},"float_menu-bg_color":"#ffffff","float_menu-bg_color_mode":"header_color","float_menu-height":70,"float_menu-transparency":100,"fonts-big_size":{"font_size":"16px","line_height":"1.6em"},"fonts-font_family":"Roboto","fonts-h1-typography":{"font_family":"Roboto:700","responsive_font_size":{"desktop":"52px","tablet":"40px","mobile":"30px"},"responsive_line_height":{"desktop":"1.1em","tablet":"1.2em","mobile":"1.2em"},"text_transform":"none"},"fonts-h2-typography":{"font_family":"Roboto:700","responsive_font_size":{"desktop":"34px","tablet":"30px","mobile":"24px"},"responsive_line_height":{"desktop":"1.1em","tablet":"1.2em","mobile":"1.2em"},"text_transform":"none"},"fonts-h3-typography":{"font_family":"Roboto:700","responsive_font_size":{"desktop":"24px","mobile":"20px"},"responsive_line_height":{"desktop":"1.2em"},"text_transform":"none"},"fonts-h4-typography":{"font_family":"Roboto:700","responsive_font_size":{"desktop":"20px","mobile":"18px"},"responsive_line_height":{"desktop":"1.3em"},"text_transform":"none"},"fonts-h5-typography":{"font_family":"Roboto:700","responsive_font_size":{"desktop":"16px"},"responsive_line_height":{"desktop":"1.3em"},"text_transform":"none"},"fonts-h6-typography":{"font_family":"Roboto:700","responsive_font_size":{"desktop":"14px"},"responsive_line_height":{"desktop":"1.4em"},"text_transform":"none"},"fonts-normal_size":{"font_size":"15px","line_height":"1.5em"},"fonts-small_size":{"font_size":"13px","line_height":"1.4em"},"fonts-widget-content":{"font_family":"Roboto","responsive_font_size":{"desktop":"15px"},"responsive_line_height":{"desktop":"1.4em"},"text_transform":"none"},"fonts-widget-title":{"font_family":"Roboto:700","responsive_font_size":{"desktop":"16px"},"responsive_line_height":{"desktop":"1.3em"},"text_transform":"none"},"fonts-woo-content":{"font_family":"Roboto","responsive_font_size":{"desktop":"16px"},"responsive_line_height":{"desktop":"28px"},"text_transform":"none"},"fonts-woo-title":{"font_family":"Roboto:700","responsive_font_size":{"desktop":"16px"},"responsive_line_height":{"desktop":"26px"},"text_transform":"none"},"footer-accent_text_color":"","footer-bg_color":"rgba(26,28,32,1)","footer-bg_ie_color":"#1B1B1B","footer-bg_image":{"image":"","repeat":"repeat","position_x":"center","position_y":"top"},"footer-bg_opacity":100,"footer-collapse_after":"992px","footer-collapse_columns_after":"992px","footer-decoration":"none","footer-decoration_outline_color":"rgba(129,215,66,0.96)","footer-decoration_outline_opacity":96,"footer-dividers_color":"#dadee1","footer-dividers_ie_color":"#dadee1","footer-dividers_opacity":0,"footer-headers_color":"#eeeeee","footer-is_fullwidth":"0","footer-layout":"1\/3+1\/3+1\/3","footer-mobile_padding":"50px 20px 15px 20px","footer-padding":"50px 50px 15px 50px","footer-padding-bottom":15,"footer-padding-top":50,"footer-paddings-columns":"25px","footer-paddings-top-bottom":50,"footer-primary_text_color":"#8b8d94","footer-slide-out-mode":"0","footer-style":"solid_background","gallery-responsiveness-treshold":900,"general-accent_bg_color":"#36d2d3","general-accent_bg_color_gradient":"135deg|#007acc 0%|#1f9cf0 100%","general-accent_color_mode":"color","general-album_back_button_url":"\/main\/gallery\/albums-grid\/1-albums-grid-classic\/","general-album_meta_author":false,"general-album_meta_categories":"1","general-album_meta_comments":false,"general-album_meta_date":"1","general-album_meta_on":"1","general-beautiful_loading":"enabled","general-bg_color":"rgba(255,255,255,1)","general-bg_fixed":false,"general-bg_fullscreen":false,"general-bg_ie_color":"#252525","general-bg_image":{"image":"","repeat":"repeat","position_x":"center","position_y":"top"},"general-bg_opacity":100,"general-blog_meta_author":"1","general-blog_meta_categories":"1","general-blog_meta_comments":false,"general-blog_meta_date":"1","general-blog_meta_on":"1","general-blog_meta_postformat":"1","general-blog_meta_tags":"1","general-border_radius":"0px","general-box_width":"1280px","general-boxed_bg_color":"#f7f7f7","general-boxed_bg_fixed":"1","general-boxed_bg_fullscreen":"1","general-boxed_bg_image":{"image":"","repeat":"no-repeat","position_x":"center","position_y":"center"},"general-breadcrumbs_bg_color":"disabled","general-breadcrumbs_color":"#adafb3","general-contact_form_style":"minimal","general-content_boxes_bg_color":"rgba(0,0,0,0.04)","general-content_boxes_bg_mode":"transparent","general-content_boxes_bg_opacity":100,"general-content_boxes_decoration":"none","general-content_boxes_decoration_outline_color":"rgba(0,0,0,0)","general-content_boxes_decoration_outline_opacity":0,"general-content_boxes_solid_bg_color":"#ffffff","general-content_width":"1250px","general-custom_css":".sub-nav .menu-item i.fa,\r\n.sub-nav .menu-item i.fas,\r\n.sub-nav .menu-item i.far,\r\n.sub-nav .menu-item i.fab {\r\n\ttext-align: center;\r\n\twidth: 1.25em;\r\n}","general-custom_loader":"","general-favicon":"","general-favicon_hd":"","general-filter-margin":"0px 3px 0px 3px","general-filter-margin-bottom":0,"general-filter-margin-left":3,"general-filter-margin-right":3,"general-filter-margin-top":0,"general-filter-padding":"6px 15px 6px 15px","general-filter-padding-bottom":6,"general-filter-padding-left":15,"general-filter-padding-right":15,"general-filter-padding-top":6,"general-filter_style":"minimal","general-filter_style-material-line_size":"2px","general-filter_style-minimal-border_radius":"100px","general-floating_menu_logo_hd":["\/inc\/presets\/images\/full\/skin17r.general-floating-menu-logo-hd.png?w=50&h=80",0],"general-floating_menu_logo_regular":["\/inc\/presets\/images\/full\/skin17b.general-floating-menu-logo-regular.png?w=25&h=40",0],"general-floating_menu_show_logo":"1","general-fullscreen_overlay_color":"rgba(255,255,255,1)","general-fullscreen_overlay_color_mode":"color","general-fullscreen_overlay_gradient":"135deg|#2edded 30%|#0084bb 100%","general-fullscreen_overlay_opacity":"100","general-handheld_icon-old_ipad":"","general-handheld_icon-old_iphone":"","general-handheld_icon-retina_ipad":"","general-handheld_icon-retina_iphone":"","general-hd_images":"srcset_based","general-images_lazy_loading":"1","general-layout":"wide","general-lightbox_arrow_size":"62px","general-lightbox_overlay_opacity":"85","general-loader_style":"double_circles","general-mobile_logo-hd":["\/inc\/presets\/images\/full\/skin17b.general-mobile-logo-hd.png?w=82&h=128",0],"general-mobile_logo-padding_bottom":"25","general-mobile_logo-padding_top":"25","general-mobile_logo-regular":["\/inc\/presets\/images\/full\/skin17b.general-mobile-logo-regular.png?w=41&h=64",0],"general-navigation_margin":"50px","general-next_prev_in_album":"1","general-next_prev_in_blog":"1","general-next_prev_in_portfolio":"1","general-page-title-typography":{"font_family":"Roboto:700","font_size":"34","line_height":"44","text_transform":"none"},"general-page_content_bottom_margin":70,"general-page_content_margin":"70px 50px 70px 50px","general-page_content_mobile_margin":"70px 20px 70px 20px","general-page_content_top_margin":70,"general-portfolio_meta_author":false,"general-portfolio_meta_categories":"1","general-portfolio_meta_comments":false,"general-portfolio_meta_date":"1","general-portfolio_meta_on":"1","general-portfolio_thumbnail_proportions":{"width":2,"height":1},"general-portfolio_thumbnail_size":"resize","general-post_back_button_url":"\/main\/blog\/","general-project_back_button_url":"\/main\/portfolio\/","general-rel_posts_head_title":"Related Posts","general-rel_posts_max":6,"general-rel_projects_appearance":"slider","general-rel_projects_details":"1","general-rel_projects_excerpt":false,"general-rel_projects_fullwidth_height":"277px","general-rel_projects_fullwidth_width":"277px","general-rel_projects_fullwidth_width_style":"fixed","general-rel_projects_head_title":"Related projects","general-rel_projects_height":"177px","general-rel_projects_info_author":false,"general-rel_projects_info_categories":"1","general-rel_projects_info_comments":false,"general-rel_projects_info_date":false,"general-rel_projects_link":false,"general-rel_projects_max":5,"general-rel_projects_meta":"1","general-rel_projects_title":"1","general-rel_projects_width":"177px","general-rel_projects_width_style":"fixed","general-rel_projects_zoom":"1","general-responsive":"1","general-responsive_title_height":"0px","general-responsive_title_line_height":34,"general-responsive_title_size":24,"general-responsiveness-treshold":970,"general-show_author_in_blog":"1","general-show_back_button_in_album":"1","general-show_back_button_in_post":"1","general-show_back_button_in_project":"1","general-show_breadcrumbs":"1","general-show_rel_posts":"1","general-show_rel_projects":"1","general-show_titles":"1","general-slideshow_bullets_style":"accent","general-smooth_scroll":"off","general-spinner_color":"rgba(51,51,51,0.25)","general-spinner_opacity":25,"general-style":"ios7","general-switch_content_paddings":"992px","general-thick_divider_style":"style-5","general-thin_divider_style":"style-1","general-title_align":"center","general-title_bg_color":"rgba(0,0,0,0.04)","general-title_bg_fixed":false,"general-title_bg_fullscreen":false,"general-title_bg_gradient":"135deg|#4a66d6 30%|#12b4ea 100%","general-title_bg_image":{"image":"","repeat":"repeat","position_x":"center","position_y":"center"},"general-title_bg_mode":"background","general-title_bg_opacity":100,"general-title_bg_overlay":false,"general-title_bg_parallax":"0","general-title_color":"#333333","general-title_decoration":"none","general-title_decoration_line_color":"rgba(51,51,51,0.11)","general-title_decoration_line_height":"6px","general-title_decoration_line_opacity":11,"general-title_decoration_line_style":"double","general-title_decoration_outline_color":"rgba(30,115,190,0)","general-title_decoration_outline_height":"10px","general-title_decoration_outline_opacity":0,"general-title_decoration_outline_style":"solid","general-title_enable_bg_img":"disabled","general-title_height":"200px","general-title_overlay_color":"rgba(0,0,0,0.5)","general-title_responsive_breadcrumbs":false,"general-title_scroll_effect":"default","general-titles-responsiveness-switch":"778px","general-titles_responsiveness":"1","general-woocommerce_show_mini_cart_in_top_bar":"1","header-background":"normal","header-bg-color":"rgba(255,255,255,1)","header-bg-image":{"image":"","repeat":"repeat","position_x":"center","position_y":"center"},"header-bg-is_fixed":false,"header-bg-is_fullscreen":false,"header-bg-opacity":100,"header-bg_color":"#ffffff","header-bg_fixed":false,"header-bg_fullscreen":false,"header-bg_height":60,"header-bg_image":{"image":"","repeat":"repeat","position_x":"center","position_y":"top"},"header-bg_opacity":100,"header-center_layout_elements":{"top_bar_left":["email","phone","skype"],"nav_area":["social_icons","cart","search"]},"header-center_layout_elements_visibility":"show","header-center_menu_bg_color":"#ededed","header-center_menu_bg_mode":"content_line","header-center_menu_bg_opacity":100,"header-classic-elements":{"top_bar_left":["working_hours"],"top_bar_right":["cart","search"],"near_menu_right":["social_icons"],"near_logo_right":["phone","email"]},"header-classic-elements-near_logo-custom-icon-color":"","header-classic-elements-near_logo-custom-icon-size":"16","header-classic-elements-near_logo-font_color":"#888888","header-classic-elements-near_logo-typography":{"font_family":"Arial","font_size":"14"},"header-classic-elements-near_logo_left-padding":"0px 0px 0px 0px","header-classic-elements-near_logo_left-padding-bottom":0,"header-classic-elements-near_logo_left-padding-left":0,"header-classic-elements-near_logo_left-padding-right":0,"header-classic-elements-near_logo_left-padding-top":0,"header-classic-elements-near_logo_right-padding":"0px 0px 0px 0px","header-classic-elements-near_logo_right-padding-bottom":0,"header-classic-elements-near_logo_right-padding-left":0,"header-classic-elements-near_logo_right-padding-right":0,"header-classic-elements-near_logo_right-padding-top":0,"header-classic-elements-near_menu-custom-icon-color":"","header-classic-elements-near_menu-custom-icon-size":"16","header-classic-elements-near_menu-font_color":"#888888","header-classic-elements-near_menu-typography":{"font_family":"Arial","font_size":"14"},"header-classic-elements-near_menu_right-padding":"0px 0px 0px 40px","header-classic-elements-near_menu_right-padding-bottom":0,"header-classic-elements-near_menu_right-padding-left":40,"header-classic-elements-near_menu_right-padding-right":0,"header-classic-elements-near_menu_right-padding-top":0,"header-classic-height":"180px","header-classic-is_fullwidth":"0","header-classic-logo-position":"left","header-classic-menu-bg-color":"rgba(0,0,0,1)","header-classic-menu-bg-opacity":100,"header-classic-menu-bg-style":"solid","header-classic-menu-line_size":"1px","header-classic-menu-margin":"0px 0px","header-classic-menu-margin-bottom":0,"header-classic-menu-margin-top":0,"header-classic-menu-position":"left","header-classic-show_elements":"1","header-classic-side-padding":"30px 30px","header-classic-switch_paddings":"0px","header-classic_layout_elements":{"top_bar_left":["custom_menu"],"top_bar_right":["cart","login"],"logo_area":["address","phone","social_icons"],"nav_area":["search"]},"header-classic_layout_elements_visibility":"show","header-classic_menu_bg_color":"#dcdcdc","header-classic_menu_bg_mode":"fullwidth_line","header-classic_menu_bg_opacity":55,"header-classic_mobile_paddings":"0px 0px","header-color_frame":"1","header-contact_address":"8500 Beverly Boulevard Los Angeles, CA 90048","header-contact_address_icon":"1","header-contact_clock":"Mon. \u2013 Fri. 10 AM \u2013 8 PM","header-contact_clock_icon":"1","header-contact_email":"sales@yoursite.com","header-contact_email_icon":"1","header-contact_info":"","header-contact_info_icon":"1","header-contact_phone":"(424) 123-0045","header-contact_phone_icon":"1","header-contact_skype":"Your_Skype","header-contact_skype_icon":"1","header-contentarea":"<p><span class=\"paint-accent-color\">Address:<\/span>  102580 Santa Monica BLVD Los Angeles\r\n<\/p>\r\n<span class=\"paint-accent-color\">Phone: <\/span> +3 045 224 33 12, 220 30 22","header-contentarea_color":"#373a41","header-decoration":"shadow","header-decoration-color":"rgba(51,51,51,0.11)","header-decoration-line_size":"1px","header-decoration-opacity":11,"header-decoration_color":"#e9e9e9","header-elements-button-1-bg":"accent","header-elements-button-1-bg-color":"#ffffff","header-elements-button-1-bg-gradient":"135deg|#ffffff 30%|#000000 100%","header-elements-button-1-border-color":"accent","header-elements-button-1-border-color-mono":"#ffffff","header-elements-button-1-border_radius":"0px","header-elements-button-1-border_width":"1px","header-elements-button-1-choose-icon":"","header-elements-button-1-first-header-switch":"near_logo","header-elements-button-1-hover-bg":"accent","header-elements-button-1-hover-bg-color":"#ffffff","header-elements-button-1-hover-bg-gradient":"135deg|#ffffff 30%|#000000 100%","header-elements-button-1-hover-border-color":"accent","header-elements-button-1-hover-border-color-mono":"#ffffff","header-elements-button-1-hover-icon-color":"color","header-elements-button-1-hover-icon-color-gradient":"90deg|#ffffff 30%|#000000 100%","header-elements-button-1-hover-icon-color-mono":"#ffffff","header-elements-button-1-icon":false,"header-elements-button-1-icon-color":"color","header-elements-button-1-icon-color-gradient":"90deg|#ffffff 30%|#000000 100%","header-elements-button-1-icon-color-mono":"#ffffff","header-elements-button-1-icon-position":"right","header-elements-button-1-icon-size":"14","header-elements-button-1-icon_gap":"5px","header-elements-button-1-name":"Button","header-elements-button-1-on-desktops":"show","header-elements-button-1-padding":"10px 20px 10px 20px","header-elements-button-1-second-header-switch":"in_menu","header-elements-button-1-smooth-scroll":false,"header-elements-button-1-target":false,"header-elements-button-1-typography":{"font_family":"Roboto:700","font_size":"14"},"header-elements-button-1-url":"","header-elements-button-2-bg":"accent","header-elements-button-2-bg-color":"#ffffff","header-elements-button-2-bg-gradient":"135deg|#ffffff 30%|#000000 100%","header-elements-button-2-border-color":"accent","header-elements-button-2-border-color-mono":"#ffffff","header-elements-button-2-border_radius":"0px","header-elements-button-2-border_width":"1px","header-elements-button-2-choose-icon":"","header-elements-button-2-first-header-switch":"near_logo","header-elements-button-2-hover-bg":"accent","header-elements-button-2-hover-bg-color":"#ffffff","header-elements-button-2-hover-bg-gradient":"135deg|#ffffff 30%|#000000 100%","header-elements-button-2-hover-border-color":"accent","header-elements-button-2-hover-border-color-mono":"#ffffff","header-elements-button-2-hover-icon-color":"color","header-elements-button-2-hover-icon-color-gradient":"90deg|#ffffff 30%|#000000 100%","header-elements-button-2-hover-icon-color-mono":"#ffffff","header-elements-button-2-icon":false,"header-elements-button-2-icon-color":"color","header-elements-button-2-icon-color-gradient":"90deg|#ffffff 30%|#000000 100%","header-elements-button-2-icon-color-mono":"#ffffff","header-elements-button-2-icon-position":"right","header-elements-button-2-icon-size":"14","header-elements-button-2-icon_gap":"5px","header-elements-button-2-name":"Button","header-elements-button-2-on-desktops":"show","header-elements-button-2-padding":"10px 20px 10px 20px","header-elements-button-2-second-header-switch":"in_menu","header-elements-button-2-smooth-scroll":false,"header-elements-button-2-target":false,"header-elements-button-2-typography":{"font_family":"Roboto:700","font_size":"14"},"header-elements-button-2-url":"","header-elements-contact-address-caption":"8500 Beverly Boulevard Los Angeles, CA 90048","header-elements-contact-address-custom-icon":"the7-mw-icon-address-bold","header-elements-contact-address-first-header-switch":"near_logo","header-elements-contact-address-icon":"custom","header-elements-contact-address-on-desktops":"show","header-elements-contact-address-second-header-switch":"in_menu","header-elements-contact-address-url":"","header-elements-contact-clock-caption":"Monday \u2013 Friday 10 AM \u2013 8 PM","header-elements-contact-clock-custom-icon":"icomoon-the7-font-the7-clock-01","header-elements-contact-clock-first-header-switch":"top_bar_left","header-elements-contact-clock-icon":"custom","header-elements-contact-clock-on-desktops":"show","header-elements-contact-clock-second-header-switch":"in_menu","header-elements-contact-clock-url":"","header-elements-contact-email-caption":"sales@yoursite.com","header-elements-contact-email-custom-icon":"the7-mw-icon-mail-bold","header-elements-contact-email-first-header-switch":"near_logo","header-elements-contact-email-icon":"custom","header-elements-contact-email-on-desktops":"show","header-elements-contact-email-second-header-switch":"in_menu","header-elements-contact-email-url":"","header-elements-contact-multipurpose_1-caption":"","header-elements-contact-multipurpose_1-custom-icon":"","header-elements-contact-multipurpose_1-first-header-switch":"near_logo","header-elements-contact-multipurpose_1-icon":"custom","header-elements-contact-multipurpose_1-on-desktops":"show","header-elements-contact-multipurpose_1-second-header-switch":"in_menu","header-elements-contact-multipurpose_1-url":"","header-elements-contact-multipurpose_2-caption":"","header-elements-contact-multipurpose_2-custom-icon":"","header-elements-contact-multipurpose_2-first-header-switch":"near_logo","header-elements-contact-multipurpose_2-icon":"custom","header-elements-contact-multipurpose_2-on-desktops":"show","header-elements-contact-multipurpose_2-second-header-switch":"in_menu","header-elements-contact-multipurpose_2-url":"","header-elements-contact-multipurpose_3-caption":"","header-elements-contact-multipurpose_3-custom-icon":"","header-elements-contact-multipurpose_3-first-header-switch":"near_logo","header-elements-contact-multipurpose_3-icon":"custom","header-elements-contact-multipurpose_3-on-desktops":"show","header-elements-contact-multipurpose_3-second-header-switch":"in_menu","header-elements-contact-multipurpose_3-url":"","header-elements-contact-multipurpose_4-caption":"","header-elements-contact-multipurpose_4-custom-icon":"","header-elements-contact-multipurpose_4-first-header-switch":"near_logo","header-elements-contact-multipurpose_4-icon":"custom","header-elements-contact-multipurpose_4-on-desktops":"show","header-elements-contact-multipurpose_4-second-header-switch":"in_menu","header-elements-contact-multipurpose_4-url":"","header-elements-contact-phone-caption":"011 322 44 56","header-elements-contact-phone-custom-icon":"icomoon-the7-font-the7-phone-06","header-elements-contact-phone-first-header-switch":"top_bar_left","header-elements-contact-phone-icon":"custom","header-elements-contact-phone-on-desktops":"show","header-elements-contact-phone-second-header-switch":"in_menu","header-elements-contact-phone-url":"","header-elements-contact-skype-caption":"Your_Skype","header-elements-contact-skype-custom-icon":"the7-mw-icon-skype-bold","header-elements-contact-skype-first-header-switch":"near_logo","header-elements-contact-skype-icon":"custom","header-elements-contact-skype-on-desktops":"show","header-elements-contact-skype-second-header-switch":"in_menu","header-elements-contact-skype-url":"","header-elements-edd_cart-sub_cart-bg-color":"#ffffff","header-elements-edd_cart-sub_cart-bg-width":260,"header-elements-edd_cart-sub_cart-font-color":"#333333","header-elements-login-caption":"Login","header-elements-login-custom-icon":"the7-mw-icon-login-bold","header-elements-login-first-header-switch":"near_logo","header-elements-login-icon":"custom","header-elements-login-logout_url":"","header-elements-login-on-desktops":"show","header-elements-login-second-header-switch":"in_menu","header-elements-login-url":"http:\/\/themeforest.net","header-elements-login-use_logout_url":false,"header-elements-logout-caption":"Logout","header-elements-menu-first-header-switch":"near_logo","header-elements-menu-icon":"custom","header-elements-menu-on-desktops":"show","header-elements-menu-second-header-switch":"hidden","header-elements-menu-style":"dropdown","header-elements-menu-style-first-switch":"dropdown","header-elements-menu-style-second-switch":"dropdown","header-elements-menu2-first-header-switch":"near_logo","header-elements-menu2-icon":"custom","header-elements-menu2-on-desktops":"show","header-elements-menu2-second-header-switch":"in_menu","header-elements-menu2-style":"dropdown","header-elements-menu2-style-first-switch":"dropdown","header-elements-menu2-style-second-switch":"dropdown","header-elements-menu2_custom-icon":"the7-mw-icon-dropdown-menu-bold","header-elements-menu_custom-icon":"the7-mw-icon-dropdown-menu-bold","header-elements-near_logo-font_color":"#393940","header-elements-near_logo-font_family":"Open Sans:600","header-elements-near_logo-font_size":14,"header-elements-near_menu-font_color":"#333333","header-elements-near_menu-font_family":"Roboto:700","header-elements-near_menu-font_size":13,"header-elements-search-by":"general","header-elements-search-caption":"","header-elements-search-first-header-switch":"near_logo","header-elements-search-icon":"custom","header-elements-search-input-caption":"Type and hit enter \u2026","header-elements-search-on-desktops":"show","header-elements-search-second-header-switch":"near_logo","header-elements-search_custom-icon":"the7-mw-icon-search-bold","header-elements-soc_icons":{"1":{"icon":"facebook","url":"\/"},"2":{"icon":"twitter","url":"\/"},"3":{"icon":"instagram","url":"\/"},"4":{"icon":"you-tube","url":"\/"}},"header-elements-soc_icons-bg":"color","header-elements-soc_icons-bg-color":"rgba(0,0,0,0.07)","header-elements-soc_icons-bg-gradient":"135deg|#ffffff 30%|#000000 100%","header-elements-soc_icons-bg-hover-opacity":100,"header-elements-soc_icons-bg-opacity":20,"header-elements-soc_icons-bg-size":"26px","header-elements-soc_icons-border":"disabled","header-elements-soc_icons-border-color":"#ffffff","header-elements-soc_icons-color":"#aeb1b5","header-elements-soc_icons-first-header-switch":"top_bar_right","header-elements-soc_icons-hover-bg":"accent","header-elements-soc_icons-hover-bg-color":"rgba(21,191,230,1)","header-elements-soc_icons-hover-bg-gradient":"135deg|#ffffff 30%|#000000 100%","header-elements-soc_icons-hover-border":"disabled","header-elements-soc_icons-hover-border-color":"#ffffff","header-elements-soc_icons-hover-color":"#ffffff","header-elements-soc_icons-on-desktops":"show","header-elements-soc_icons-second-header-switch":"in_menu","header-elements-soc_icons-size":"16px","header-elements-soc_icons_border_radius":"100px","header-elements-soc_icons_border_width":"1px","header-elements-soc_icons_gap":5,"header-elements-text":"Some call to action text goes here!","header-elements-text-2":"Some call to action text goes here!","header-elements-text-2-first-header-switch":"near_logo","header-elements-text-2-on-desktops":"show","header-elements-text-2-second-header-switch":"in_menu","header-elements-text-3":"Some call to action text goes here!","header-elements-text-3-first-header-switch":"near_logo","header-elements-text-3-on-desktops":"show","header-elements-text-3-second-header-switch":"in_menu","header-elements-text-4":"","header-elements-text-4-first-header-switch":"near_logo","header-elements-text-4-on-desktops":"show","header-elements-text-4-second-header-switch":"in_menu","header-elements-text-5":"","header-elements-text-5-first-header-switch":"near_logo","header-elements-text-5-on-desktops":"show","header-elements-text-5-second-header-switch":"in_menu","header-elements-text-first-header-switch":"near_logo","header-elements-text-on-desktops":"show","header-elements-text-second-header-switch":"in_menu","header-elements-woocommerce_cart-caption":"","header-elements-woocommerce_cart-counter-bg":"accent","header-elements-woocommerce_cart-counter-bg-color":"#000000","header-elements-woocommerce_cart-counter-bg-gradient":"90deg|#37a0fe 30%|#6b5ffd 100%","header-elements-woocommerce_cart-counter-color":"#ffffff","header-elements-woocommerce_cart-counter-style":"round","header-elements-woocommerce_cart-custom-icon":"the7-mw-icon-cart-bold","header-elements-woocommerce_cart-first-header-switch":"near_logo","header-elements-woocommerce_cart-font-content":{"font_family":"Roboto","responsive_font_size":{"desktop":"15px"},"responsive_line_height":{"desktop":"1.4em"},"text_transform":"none"},"header-elements-woocommerce_cart-icon":"custom","header-elements-woocommerce_cart-on-desktops":"show","header-elements-woocommerce_cart-second-header-switch":"near_logo","header-elements-woocommerce_cart-show_counter":"allways","header-elements-woocommerce_cart-show_sub_cart":"1","header-elements-woocommerce_cart-show_sub_cart_behavior":"hover","header-elements-woocommerce_cart-show_subtotal":"1","header-elements-woocommerce_cart-sub_cart-bg-color":"#ffffff","header-elements-woocommerce_cart-sub_cart-bg-width":260,"header-elements-woocommerce_cart-sub_cart-font-color":"#333333","header-floating_menu_animation":"fade","header-floating_microwidgets-font":"default","header-floating_microwidgets-font-color":"#ffffff","header-floating_microwidgets-icon":"default","header-floating_microwidgets-icon-color":"#ffffff","header-floating_navigation-active_item-font-color":"#ffffff","header-floating_navigation-active_item-font-gradient":"90deg|#ffffff 30%|#000000 100%","header-floating_navigation-bg-color":"rgba(255,255,255,1)","header-floating_navigation-bg-image":{"image":"","repeat":"repeat","position_x":"center","position_y":"center"},"header-floating_navigation-bg-is_fullscreen":false,"header-floating_navigation-bg-opacity":100,"header-floating_navigation-decoration":"shadow","header-floating_navigation-decoration-color":"rgba(51,51,51,0.11)","header-floating_navigation-decoration-line_size":"1px","header-floating_navigation-decoration-opacity":11,"header-floating_navigation-font-active":"default","header-floating_navigation-font-color":"#ffffff","header-floating_navigation-font-hover":"default","header-floating_navigation-font-normal":"default","header-floating_navigation-height":"60px","header-floating_navigation-hover-font-color":"#ffffff","header-floating_navigation-hover-font-gradient":"90deg|#ffffff 30%|#000000 100%","header-floating_navigation-show_after":"94px","header-floating_navigation-style":"sticky","header-floating_navigation-top-bar":false,"header-font_color":"#474950","header-font_family":"Open Sans","header-font_line_height":34,"header-font_size":16,"header-font_uppercase":false,"header-icons_size":{"width":14,"height":14},"header-inline-elements":{"top_bar_left":["phone","working_hours"],"top_bar_right":["social_icons"],"near_menu_right":["cart","search"]},"header-inline-elements-near_menu-custom-icon-color":"","header-inline-elements-near_menu-custom-icon-size":"16","header-inline-elements-near_menu-font_color":"#333333","header-inline-elements-near_menu-typography":{"font_family":"Roboto:700","font_size":"13"},"header-inline-elements-near_menu_right-padding":"0px 0px 0px 5px","header-inline-elements-near_menu_right-padding-bottom":0,"header-inline-elements-near_menu_right-padding-left":5,"header-inline-elements-near_menu_right-padding-right":0,"header-inline-elements-near_menu_right-padding-top":0,"header-inline-height":"90px","header-inline-is_fullwidth":"0","header-inline-menu-position":"center","header-inline-show_elements":"1","header-inline-side-padding":"50px 50px","header-inline-switch_paddings":"0px","header-inline_mobile_paddings":"0px 0px","header-layout":"inline","header-left_layout_elements":{"top_bar_left":["email","phone","skype"],"top_bar_right":["cart","login","social_icons"],"nav_area":["search"]},"header-left_layout_elements_visibility":"show","header-left_layout_fullwidth":false,"header-left_menu_bg_color":"#ffffff","header-left_menu_bg_mode":"content_line","header-login_caption":"Login","header-login_icon":"1","header-login_url":"https:\/\/the7.io\/main\/pages\/login\/","header-logo-padding":"0px 5px 0px 0px","header-logo-padding-bottom":0,"header-logo-padding-left":0,"header-logo-padding-right":5,"header-logo-padding-top":0,"header-logo_hd":["\/inc\/presets\/images\/full\/skin11r.header-logo-hd.png?w=114&h=114",0],"header-logo_padding_bottom":36,"header-logo_padding_top":36,"header-logo_regular":["\/inc\/presets\/images\/full\/skin11r.header-logo-regular.png?w=57&h=57",0],"header-logout_caption":"Logout","header-mega-menu-desc-font-color":"#333333","header-mega-menu-desc-typography":{"font_family":"Roboto","font_size":"10"},"header-mega-menu-items-padding":"9px 10px 9px 10px","header-mega-menu-submenu-2-level-spacing":"0px","header-mega-menu-submenu-bg-padding":"20px 10px 20px 10px","header-mega-menu-submenu-column-padding":"0px 10px 0px 10px","header-mega-menu-submenu-column-width":"260px","header-mega-menu-title-active_item-font-color":"#ffffff","header-mega-menu-title-active_item-font-color-style":"gradient","header-mega-menu-title-active_item-font-gradient":"90deg|#8224e3 30%|#eeee22 100%","header-mega-menu-title-font-color":"#333333","header-mega-menu-title-hover-font-color":"#ffffff","header-mega-menu-title-hover-font-color-style":"gradient","header-mega-menu-title-hover-font-gradient":"90deg|#1e73be 30%|#eeee22 99%","header-mega-menu-title-icon-size":"16","header-mega-menu-title-typography":{"font_family":"Roboto:700","text_transform":"uppercase","font_size":"16"},"header-mega-menu-widget-accent-color":"","header-mega-menu-widget-font-color":"#333333","header-mega-menu-widget-title-color":"#333333","header-menu-active_item-font-color":"#333333","header-menu-active_item-font-color-style":"color","header-menu-active_item-font-gradient":"90deg|#ffffff 30%|#000000 100%","header-menu-close_icon-caption":"disabled","header-menu-close_icon-caption-text":"Navigation","header-menu-close_icon-caption-typography":{"font_family":"Roboto","text_transform":"uppercase","font_size":"16"},"header-menu-close_icon-caption_gap":"20px","header-menu-close_icon-position":"outside","header-menu-close_icon-size":"fade_medium","header-menu-decoration-other-active-color":"rgba(255,255,255,0.15)","header-menu-decoration-other-active-color-style":"accent","header-menu-decoration-other-active-gradient":"135deg|rgba(255,255,255,0.15) 30%|rgba(0,0,0,0.15) 100%","header-menu-decoration-other-active-line":"0","header-menu-decoration-other-active-line-color":"rgba(130,36,227,0.3)","header-menu-decoration-other-active-line-color-style":"color","header-menu-decoration-other-active-line-gradient":"135deg|rgba(221,51,51,0.3) 30%|rgba(129,215,66,0.3) 100%","header-menu-decoration-other-active-line-opacity":"30","header-menu-decoration-other-active-opacity":"15","header-menu-decoration-other-active-style":"background","header-menu-decoration-other-border-radius":"3","header-menu-decoration-other-click_decor":"1","header-menu-decoration-other-click_decor-color":"rgba(255,255,255,0.2)","header-menu-decoration-other-click_decor-color-style":"accent","header-menu-decoration-other-click_decor-gradient":"135deg|rgba(255,255,255,0.2) 30%|rgba(0,0,0,0.2) 100%","header-menu-decoration-other-click_decor-opacity":20,"header-menu-decoration-other-hover-color":"rgba(255,255,255,0.15)","header-menu-decoration-other-hover-color-style":"accent","header-menu-decoration-other-hover-gradient":"135deg|rgba(255,255,255,0.15) 30%|rgba(0,0,0,0.15) 100%","header-menu-decoration-other-hover-line":"0","header-menu-decoration-other-hover-line-color":"rgba(221,51,51,0.23)","header-menu-decoration-other-hover-line-color-style":"gradient","header-menu-decoration-other-hover-line-gradient":"135deg|rgba(255,255,255,0.23) 30%|rgba(0,0,0,0.23) 100%","header-menu-decoration-other-hover-line-opacity":"23","header-menu-decoration-other-hover-style":"background","header-menu-decoration-other-line_size":"2px","header-menu-decoration-other-links-is_justified":"1","header-menu-decoration-other-opacity":"15","header-menu-decoration-style":"underline","header-menu-decoration-underline-color":"#1e73be","header-menu-decoration-underline-color-style":"accent","header-menu-decoration-underline-direction":"left_to_right","header-menu-decoration-underline-gradient":"135deg|#ffffff 30%|#000000 100%","header-menu-decoration-underline-line_size":"2px","header-menu-dividers-color":"rgba(17,17,17,0.14)","header-menu-dividers-height":"24px","header-menu-dividers-height-style":"custom","header-menu-dividers-opacity":14,"header-menu-dividers-surround":"0","header-menu-dividers-width":"1px","header-menu-font-color":"#333333","header-menu-hover-font-color":"#333333","header-menu-hover-font-color-style":"color","header-menu-hover-font-gradient":"90deg|#8224e3 30%|#751257 100%","header-menu-icon-size":"14","header-menu-item-margin":"18px 14px 18px 14px","header-menu-item-margin-bottom":18,"header-menu-item-margin-left":14,"header-menu-item-margin-right":14,"header-menu-item-margin-top":18,"header-menu-item-padding":"4px 4px 4px 4px","header-menu-item-padding-bottom":4,"header-menu-item-padding-left":4,"header-menu-item-padding-right":4,"header-menu-item-padding-top":4,"header-menu-item-surround_margins-custom-margin":"30px","header-menu-item-surround_margins-style":"disabled","header-menu-show_dividers":"0","header-menu-show_next_lvl_icons":false,"header-menu-submenu-active-bg-color":"rgba(137,92,184,0.07)","header-menu-submenu-active-bg-color-style":"accent","header-menu-submenu-active-bg-gradient":"90deg|#81d742 30%|#eeee22 100%","header-menu-submenu-active-bg-opacity":"7","header-menu-submenu-active-font-color":"#ffffff","header-menu-submenu-active-font-color-style":"accent","header-menu-submenu-active-font-gradient":"90deg|#ffffff 30%|#000000 100%","header-menu-submenu-bg-color":"#ffffff","header-menu-submenu-bg-hover":"background","header-menu-submenu-bg-opacity":100,"header-menu-submenu-bg-padding":"9px 10px 9px 10px","header-menu-submenu-bg-width":"280px","header-menu-submenu-display":"hover","header-menu-submenu-font-color":"#333333","header-menu-submenu-hover-bg-color":"rgba(137,92,184,0.07)","header-menu-submenu-hover-bg-color-style":"accent","header-menu-submenu-hover-bg-gradient":"90deg|#81d742 30%|#eeee22 100%","header-menu-submenu-hover-bg-opacity":"7","header-menu-submenu-hover-font-color":"#895cb8","header-menu-submenu-hover-font-color-style":"accent","header-menu-submenu-hover-font-gradient":"90deg|#81d742 30%|#eeee22 100%","header-menu-submenu-icon-size":"14","header-menu-submenu-item-margin":"0px 0px 2px 0px","header-menu-submenu-item-margin-bottom":0,"header-menu-submenu-item-margin-left":0,"header-menu-submenu-item-margin-right":0,"header-menu-submenu-item-margin-top":0,"header-menu-submenu-item-padding":"10px 10px 10px 10px","header-menu-submenu-item-padding-bottom":8,"header-menu-submenu-item-padding-left":10,"header-menu-submenu-item-padding-right":10,"header-menu-submenu-item-padding-top":8,"header-menu-submenu-parent_is_clickable":false,"header-menu-submenu-show_next_lvl_icons":"1","header-menu-submenu-subtitle-typography":{"font_family":"Roboto","font_size":"10"},"header-menu-submenu-typography":{"font_family":"Roboto:500","text_transform":"none","font_size":"13"},"header-menu-subtitle-typography":{"font_family":"Arial:400italic","font_size":"11"},"header-menu-typography":{"font_family":"Roboto:700","text_transform":"none","font_size":"16"},"header-menu_bg_color":"#6a6e71","header-menu_bg_ie_color":"#dadee1","header-menu_bg_opacity":18,"header-menu_close_icon-bg":"enabled","header-menu_close_icon-bg-border-radius":"0px","header-menu_close_icon-bg-border-width":"0px","header-menu_close_icon-bg-color":"rgba(255,255,255,0.75)","header-menu_close_icon-bg-hover":"enabled","header-menu_close_icon-border":"enabled","header-menu_close_icon-border-color":"","header-menu_close_icon-border-color-hover":"","header-menu_close_icon-border-hover":"enabled","header-menu_close_icon-caption_color":"#000000","header-menu_close_icon-caption_color-hover":"#000000","header-menu_close_icon-color":"#000000","header-menu_close_icon-hover-color":"#000000","header-menu_close_icon-margin":"30px 30px 30px 30px","header-menu_close_icon-padding":"15px 15px 15px 15px","header-menu_hover_color":"light","header-menu_hover_color_mode":"light","header-menu_icon-bg":"enabled","header-menu_icon-bg-border-radius":"0px","header-menu_icon-bg-border-width":"0px","header-menu_icon-bg-color":"rgba(255,255,255,0.75)","header-menu_icon-bg-color-hover":"rgba(255,255,255,0.75)","header-menu_icon-bg-hover":"enabled","header-menu_icon-bg-opacity":75,"header-menu_icon-border":"enabled","header-menu_icon-border-color":"","header-menu_icon-border-hover":"enabled","header-menu_icon-border-hover-color":"","header-menu_icon-caption":"disabled","header-menu_icon-caption-padding":"18px 15px 18px 15px","header-menu_icon-caption-text":"Menu","header-menu_icon-caption-typography":{"font_family":"Roboto","text_transform":"none","font_size":"16"},"header-menu_icon-caption_color":"#000000","header-menu_icon-caption_color-hover":"#000000","header-menu_icon-caption_gap":"10px","header-menu_icon-color":"#000000","header-menu_icon-color-hover":"#000000","header-menu_icon-elements":[],"header-menu_icon-elements-below_menu-padding":"0px 0px 0px 0px","header-menu_icon-elements-near_menu-custom-icon-color":"","header-menu_icon-elements-near_menu-custom-icon-size":"16","header-menu_icon-elements-near_menu-font_color":"#888888","header-menu_icon-elements-near_menu-typography":{"font_family":"Arial","font_size":"14"},"header-menu_icon-hover-bg-color":"rgba(255,255,255,0.75)","header-menu_icon-hover-bg-opacity":75,"header-menu_icon-margin":"0px 0px 0px 0px","header-menu_icon-margin-bottom":0,"header-menu_icon-margin-left":0,"header-menu_icon-margin-right":0,"header-menu_icon-margin-top":0,"header-menu_icon-show_elements":"0","header-menu_icon-size":"medium","header-menu_text_color":"light","header-menu_text_color_mode":"light","header-menu_top_bar_color":"theme","header-menu_top_bar_color_mode":"light","header-mixed-bg-color":"rgba(255,255,255,1)","header-mixed-bg-opacity":100,"header-mixed-decoration":"shadow","header-mixed-decoration-color":"rgba(221,153,51,1)","header-mixed-decoration-opacity":100,"header-mixed-decoration_size":"1px","header-mixed-floating-top-bar":false,"header-mixed-sticky-bg-color":"#000000","header-mobile-content-padding":"45px 15px 30px 30px","header-mobile-decoration":"shadow","header-mobile-decoration-color":"#ffffff","header-mobile-decoration-line_size":"1px","header-mobile-first_switch-after":"992px","header-mobile-first_switch-height":"60px","header-mobile-first_switch-layout":"right_left","header-mobile-first_switch-logo":"mobile","header-mobile-first_switch-side-padding":"20px 20px","header-mobile-floating-bg-color":"rgba(255,255,255,1)","header-mobile-floating_navigation":"sticky","header-mobile-header-bg-color":"rgba(255,255,255,1)","header-mobile-menu-align":"right","header-mobile-menu-bg-color":"rgba(255,255,255,1)","header-mobile-menu-bg-opacity":100,"header-mobile-menu-bg-width":"330px","header-mobile-menu-close_icon-caption":"disabled","header-mobile-menu-close_icon-caption-text":"Menu","header-mobile-menu-close_icon-caption-typography":{"font_family":"Roboto","text_transform":"none","font_size":"16"},"header-mobile-menu-close_icon-caption_gap":"10px","header-mobile-menu-close_icon-position":"right","header-mobile-menu-close_icon-size":"fade_medium","header-mobile-menu-dividers-color":"rgba(51,51,51,0.12)","header-mobile-menu-dividers-height":"1px","header-mobile-menu-font-color":"#333333","header-mobile-menu-font-hover-color":"#3c3e45","header-mobile-menu-font-hover-color-style":"accent","header-mobile-menu-font-hover-gradient":"90deg|#b78ce2 30%|#1e73be 100%","header-mobile-menu-show_dividers":"1","header-mobile-menu-typography":{"font_family":"Roboto:700","text_transform":"none","font_size":"16"},"header-mobile-menu_close-caption_color":"#fff","header-mobile-menu_close-caption_color-hover":"#fff","header-mobile-menu_close_icon-bg":"enabled","header-mobile-menu_close_icon-bg-border-radius":"0px","header-mobile-menu_close_icon-bg-border-width":"0px","header-mobile-menu_close_icon-bg-color":"","header-mobile-menu_close_icon-bg-hover":"enabled","header-mobile-menu_close_icon-border":"disabled","header-mobile-menu_close_icon-border-color":"","header-mobile-menu_close_icon-border-color-hover":"","header-mobile-menu_close_icon-border-hover":"disabled","header-mobile-menu_close_icon-color":"#fff","header-mobile-menu_close_icon-hover-color":"#fff","header-mobile-menu_close_icon-margin":"15px 0px 0px 0px","header-mobile-menu_close_icon-padding":"5px 5px 5px 5px","header-mobile-menu_color":"accent","header-mobile-menu_color-background":"#f94dda","header-mobile-menu_color-text":"#000000","header-mobile-menu_icon-bg-border-radius":"0px","header-mobile-menu_icon-bg-border-width":"0px","header-mobile-menu_icon-bg-color":"rgba(255,255,255,0)","header-mobile-menu_icon-bg-color-hover":"rgba(255,255,255,0)","header-mobile-menu_icon-bg-enable":"0","header-mobile-menu_icon-bg-hover":"0","header-mobile-menu_icon-border":"disabled","header-mobile-menu_icon-border-color":"","header-mobile-menu_icon-border-hover":"disabled","header-mobile-menu_icon-border-hover-color":"","header-mobile-menu_icon-caption":"disabled","header-mobile-menu_icon-caption-padding":"12px 9px 12px 9px","header-mobile-menu_icon-caption-text":"Menu","header-mobile-menu_icon-caption-typography":{"font_family":"Roboto","text_transform":"none","font_size":"16"},"header-mobile-menu_icon-caption_color":"#333333","header-mobile-menu_icon-caption_color-hover":"#333333","header-mobile-menu_icon-caption_gap":"10px","header-mobile-menu_icon-color":"#333333","header-mobile-menu_icon-color-hover":"#333333","header-mobile-menu_icon-hover-bg-color":"","header-mobile-menu_icon-margin":"0px 0px 0px 0px","header-mobile-menu_icon-size":"small","header-mobile-microwidgets-custom-icon-color":"","header-mobile-microwidgets-custom-icon-size":"16","header-mobile-microwidgets-font-color":"#333333","header-mobile-microwidgets-typography":{"font_family":"Roboto:700","font_size":"13"},"header-mobile-overlay-bg-color":"rgba(17,17,17,0.5)","header-mobile-second_switch-after":"600px","header-mobile-second_switch-height":"60px","header-mobile-second_switch-layout":"right_left","header-mobile-second_switch-logo":"mobile","header-mobile-second_switch-side-padding":"20px 20px","header-mobile-submenu-typography":{"font_family":"Roboto:500","text_transform":"none","font_size":"13"},"header-mobile-top_bar_position":"closed","header-near_logo_bg_color":"#3a3a3a","header-near_logo_font_size":"big","header-next_level_indicator":"1","header-overlay-content-padding":"0px 0px 0px 0px","header-overlay-content-padding-bottom":0,"header-overlay-content-padding-left":0,"header-overlay-content-padding-right":0,"header-overlay-content-padding-top":0,"header-overlay-content-position":"center","header-overlay-content-width":"300px","header-overlay-elements":{"below_menu":["search","cart"],"side_top_line":["social_icons","text_area","phone"]},"header-overlay-elements-below_menu-padding":"0px 0px 0px 0px","header-overlay-elements-below_menu-padding-bottom":0,"header-overlay-elements-below_menu-padding-left":0,"header-overlay-elements-below_menu-padding-right":0,"header-overlay-elements-below_menu-padding-top":0,"header-overlay-elements-side_line-padding-bottom":0,"header-overlay-elements-side_line-padding-top":0,"header-overlay-elements-top_line-padding":"0px 40px 0px 40px","header-overlay-elements-top_line-padding-bottom":0,"header-overlay-elements-top_line-padding-left":40,"header-overlay-elements-top_line-padding-right":40,"header-overlay-elements-top_line-padding-top":0,"header-overlay-icons_style":"light","header-overlay-layout":"menu_icon","header-overlay-layout-menu_icon-show_floating_logo":"1","header-overlay-layout-side_line-width":60,"header-overlay-layout-top_line-height":130,"header-overlay-layout-top_line-is_fullwidth":"0","header-overlay-layout-top_line-logo-position":"left","header-overlay-logo-position":"fully_inside","header-overlay-menu-items_alignment":"center","header-overlay-menu-items_link":"fullwidth","header-overlay-menu-padding":"40px 40px","header-overlay-menu-padding-bottom":40,"header-overlay-menu-padding-top":40,"header-overlay-menu-position":"v_center","header-overlay-show_elements":"1","header-search_caption":"Search","header-search_icon":"1","header-search_show":"1","header-show_floating_menu":"1","header-show_floating_navigation":"1","header-side-content-padding":"50px 0px 40px 0px","header-side-content-padding-bottom":40,"header-side-content-padding-left":0,"header-side-content-padding-right":0,"header-side-content-padding-top":50,"header-side-content-position":"center","header-side-content-width":"300px","header-side-elements":{"below_menu":["social_icons","email","phone"]},"header-side-elements-below_menu-padding":"0px 35px 0px 35px","header-side-elements-below_menu-padding-bottom":0,"header-side-elements-below_menu-padding-left":35,"header-side-elements-below_menu-padding-right":35,"header-side-elements-below_menu-padding-top":0,"header-side-elements-near_menu-custom-icon-color":"","header-side-elements-near_menu-custom-icon-size":"16","header-side-elements-near_menu-font_color":"#888888","header-side-elements-near_menu-typography":{"font_family":"Arial","font_size":"14"},"header-side-logo-position":"inside","header-side-menu-items_alignment":"center","header-side-menu-items_link":"fullwidth","header-side-menu-padding":"50px 50px","header-side-menu-padding-bottom":50,"header-side-menu-padding-top":50,"header-side-menu-position":"v_top","header-side-menu-submenu-position":"down","header-side-position":"right","header-side-show_elements":"1","header-side-width":"300px","header-side_layout_elements":{"top":["phone","custom_menu"],"bottom":["social_icons","text_area","cart","search"]},"header-side_layout_elements_visibility":"show","header-side_line-elements":[],"header-side_line-elements-below_menu-padding":"0px 0px 0px 0px","header-side_line-elements-near_menu-custom-icon-color":"","header-side_line-elements-near_menu-custom-icon-size":"16","header-side_line-elements-near_menu-font_color":"#888888","header-side_line-elements-near_menu-typography":{"font_family":"Arial","font_size":"14"},"header-side_line-show_elements":"0","header-side_line-width":"60px","header-side_menu_align":"left","header-side_menu_dropdown_style":"side","header-side_menu_lines":"0","header-side_menu_lines_color":"#eeeeee","header-side_menu_lines_opacity":100,"header-side_menu_visibility":"always_visible","header-side_menu_width":"280px","header-side_paddings":40,"header-side_position":"left","header-slide_out-content-padding":"50px 0px 50px 0px","header-slide_out-content-padding-bottom":50,"header-slide_out-content-padding-left":0,"header-slide_out-content-padding-right":0,"header-slide_out-content-padding-top":50,"header-slide_out-content-position":"center","header-slide_out-content-width":"350px","header-slide_out-elements":{"side_top_line":["phone","email","skype"]},"header-slide_out-elements-below_menu-padding":"0px 0px 0px 0px","header-slide_out-elements-below_menu-padding-bottom":0,"header-slide_out-elements-below_menu-padding-left":0,"header-slide_out-elements-below_menu-padding-right":0,"header-slide_out-elements-below_menu-padding-top":0,"header-slide_out-elements-side_line-padding-bottom":0,"header-slide_out-elements-side_line-padding-top":0,"header-slide_out-elements-top_line-padding":"0px 40px 0px 40px","header-slide_out-elements-top_line-padding-bottom":0,"header-slide_out-elements-top_line-padding-left":40,"header-slide_out-elements-top_line-padding-right":40,"header-slide_out-elements-top_line-padding-top":0,"header-slide_out-icons_style":"light","header-slide_out-layout":"menu_icon","header-slide_out-layout-menu_icon-show_floating_logo":"1","header-slide_out-layout-side_line-position":"under","header-slide_out-layout-side_line-width":60,"header-slide_out-layout-top_line-height":90,"header-slide_out-layout-top_line-is_fullwidth":"1","header-slide_out-layout-top_line-logo-position":"left","header-slide_out-logo-position":"fully_inside","header-slide_out-menu-items_alignment":"center","header-slide_out-menu-items_link":"fullwidth","header-slide_out-menu-padding":"40px 40px","header-slide_out-menu-padding-bottom":40,"header-slide_out-menu-padding-top":40,"header-slide_out-menu-position":"v_top","header-slide_out-overlay-animation":"fade","header-slide_out-overlay-bg-color":"rgba(17,17,17,0.4)","header-slide_out-overlay-bg-color-style":"color","header-slide_out-overlay-bg-gradient":"135deg|rgba(205,183,226,0.4) 30%|rgba(130,20,130,0.4) 100%","header-slide_out-overlay-bg-opacity":"40","header-slide_out-overlay-blur":"0","header-slide_out-overlay-x_cursor":"1","header-slide_out-overlay-x_cursor-color":"rgba(255,255,255,1)","header-slide_out-overlay-x_cursor-opacity":100,"header-slide_out-position":"left","header-slide_out-show_elements":"1","header-slide_out-width":"400px","header-soc_icon_bg_color":"#ffffff","header-soc_icon_bg_color_gradient":["#8224e3","#43d8c7"],"header-soc_icon_bg_color_mode":"color","header-soc_icon_color":"#3a3a3a","header-soc_icon_color_gradient":["#81d742","#000000"],"header-soc_icon_custom_color_outline":"1","header-soc_icon_hover_bg_color":"#ededed","header-soc_icon_hover_bg_color_gradient":["#ef5689","#a6ff16"],"header-soc_icon_hover_bg_color_mode":"accent","header-soc_icon_hover_color":"#ffffff","header-soc_icon_hover_color_mode":"color","header-soc_icon_hover_mode":"color","header-soc_icons":{"3":{"icon":"pinterest","url":"http:\/\/www.pinterest.com\/dreamtheme\/"},"1":{"icon":"facebook","url":"https:\/\/www.facebook.com\/WordPress.Premium.Theme"},"2":{"icon":"twitter","url":"https:\/\/twitter.com\/premium_theme"},"4":{"icon":"instagram","url":"http:\/\/instagram.com\/dream_theme_photo"}},"header-split-elements":{"near_menu_left":["search"],"near_menu_right":["cart"]},"header-split-elements-near_menu-custom-icon-color":"","header-split-elements-near_menu-custom-icon-size":"16","header-split-elements-near_menu-font_color":"#888888","header-split-elements-near_menu-typography":{"font_family":"Arial","font_size":"14"},"header-split-elements-near_menu_left-padding":"0px 20px 0px 20px","header-split-elements-near_menu_left-padding-bottom":0,"header-split-elements-near_menu_left-padding-left":20,"header-split-elements-near_menu_left-padding-right":20,"header-split-elements-near_menu_left-padding-top":0,"header-split-elements-near_menu_right-padding":"0px 20px 0px 20px","header-split-elements-near_menu_right-padding-bottom":0,"header-split-elements-near_menu_right-padding-left":20,"header-split-elements-near_menu_right-padding-right":20,"header-split-elements-near_menu_right-padding-top":0,"header-split-height":"100px","header-split-is_fullwidth":"0","header-split-menu-position":"outside","header-split-show_elements":"1","header-split-side-padding":"30px 30px","header-split-switch_paddings":"0px","header-split_mobile_paddings":"0px 0px","header-style":"solid_background","header-style-floating-choose_logo":"custom","header-style-floating-logo-padding":"0px 18px 0px 0px","header-style-floating-logo-padding-bottom":0,"header-style-floating-logo-padding-left":0,"header-style-floating-logo-padding-right":18,"header-style-floating-logo-padding-top":0,"header-style-floating-logo_hd":["\/inc\/presets\/images\/full\/skin11r.header-style-floating-logo-hd.png?w=88&h=88",0],"header-style-floating-logo_regular":["\/inc\/presets\/images\/full\/skin11r.header-style-floating-logo-regular.png?w=44&h=44",0],"header-style-mixed-logo-padding":"0px 0px 0px 0px","header-style-mixed-logo-padding-bottom":0,"header-style-mixed-logo-padding-left":0,"header-style-mixed-logo-padding-right":0,"header-style-mixed-logo-padding-top":0,"header-style-mixed-logo_hd":["",0],"header-style-mixed-logo_regular":["",0],"header-style-mixed-top_line-floating-choose_logo":"main","header-style-mixed-top_line-floating-logo-padding":"0px 0px 0px 0px","header-style-mixed-top_line-floating-logo_hd":["",0],"header-style-mixed-top_line-floating-logo_regular":["",0],"header-style-mobile-logo-padding":"0px 0px 0px 0px","header-style-mobile-logo-padding-bottom":0,"header-style-mobile-logo-padding-left":0,"header-style-mobile-logo-padding-right":0,"header-style-mobile-logo-padding-top":0,"header-style-mobile-logo_hd":["\/inc\/presets\/images\/full\/skin11r.header-style-mobile-logo-hd.png?w=88&h=88",0],"header-style-mobile-logo_regular":["\/inc\/presets\/images\/full\/skin11r.header-style-mobile-logo-regular.png?w=44&h=44",0],"header-style-transparent-choose_logo":"custom","header-style-transparent-logo-padding":"0px 5px 0px 0px","header-style-transparent-logo-padding-bottom":0,"header-style-transparent-logo-padding-left":0,"header-style-transparent-logo-padding-right":5,"header-style-transparent-logo-padding-top":0,"header-style-transparent-logo_hd":["\/inc\/presets\/images\/full\/skin11r.header-style-transparent-logo-hd.png?w=114&h=114",0],"header-style-transparent-logo_regular":["\/inc\/presets\/images\/full\/skin11r.header-style-transparent-logo-regular.png?w=57&h=57",0],"header-style-transparent-mobile-logo-padding":"0px 0px 0px 0px","header-style-transparent-mobile-logo_hd":["\/inc\/presets\/images\/full\/skin11r.header-style-transparent-mobile-logo-hd.png?w=88&h=88",0],"header-style-transparent-mobile-logo_regular":["\/inc\/presets\/images\/full\/skin11r.header-style-transparent-mobile-logo-regular.png?w=44&h=44",0],"header-submenu_bg_color":"#ffffff","header-submenu_bg_ie_color":"#ffffff","header-submenu_bg_opacity":97,"header-submenu_color":"#373a41","header-submenu_icons_size":{"width":12,"height":12},"header-submenu_next_level_indicator":"1","header-submenu_parent_clickable":false,"header-text":"The7 will become a reliable foundation for your new website!","header-top_line-elements":[],"header-top_line-elements-below_menu-padding":"0px 0px 0px 0px","header-top_line-elements-in_top_line-custom-icon-color":"","header-top_line-elements-in_top_line-custom-icon-size":"16","header-top_line-elements-in_top_line-font_color":"#888888","header-top_line-elements-in_top_line-font_family":"Arial","header-top_line-elements-in_top_line-font_size":14,"header-top_line-elements-in_top_line-typography":{"font_family":"Arial","font_size":"14"},"header-top_line-elements-near_menu-custom-icon-color":"","header-top_line-elements-near_menu-custom-icon-size":"16","header-top_line-elements-near_menu-font_color":"#888888","header-top_line-elements-near_menu-typography":{"font_family":"Arial","font_size":"14"},"header-top_line-elements-top_line-padding":"0px 0px 0px 0px","header-top_line-elements-top_line_right-padding":"0px 0px 0px 0px","header-top_line-show_elements":"0","header-top_line-side-padding":"30px 30px","header-top_line-switch_paddings":"0px","header-top_line_mobile_paddings":"0px 0px","header-transparent-mobile-first_switch-logo":"mobile","header-transparent-mobile-second_switch-logo":"mobile","header-transparent_bg_color":"rgba(238,238,34,1)","header-transparent_bg_ie_color":"#000000","header-transparent_bg_image":{"image":"","repeat":"repeat","position_x":"center","position_y":"center"},"header-transparent_bg_opacity":100,"header-woocommerce_cart_caption":"Cart","header-woocommerce_cart_icon":"1","header-woocommerce_counter_bg_color":"#6aa1ec","header-woocommerce_counter_bg_color_gradient":["#dd3333","#81d742"],"header-woocommerce_counter_bg_mode":"accent","header-woocommerce_counter_color":"#ffffff","header-woocommerce_show_cart_subtotal":"1","header-woocommerce_show_counter":"allways","header_navigation":"slide_out","hoover-color":"#ff4f89","hoover-opacity":58,"hoover-style":"blur","image_hover-album_miniatures_style":"style_2","image_hover-color":"rgba(12,162,224,0.2)","image_hover-color_gradient":"135deg|rgba(46,221,237,0.2) 30%|rgba(0,132,187,0.2) 100%","image_hover-color_mode":"accent","image_hover-default_icon":"none","image_hover-onclick_animation":false,"image_hover-opacity":20,"image_hover-project_icons_style":"outline","image_hover-project_rollover_color":"rgba(0,0,0,0.85)","image_hover-project_rollover_color_gradient":"135deg|rgba(46,221,237,0.85) 30%|rgba(0,132,187,0.85) 100%","image_hover-project_rollover_color_mode":"accent","image_hover-project_rollover_opacity":85,"image_hover-style":"none","input_bg_color":"rgba(253,253,253,1)","input_bg_opacity":100,"input_border_color":"rgba(51,51,51,0.11)","input_border_opacity":11,"input_border_radius":"2px","input_border_width":"1px 1px 1px 1px","input_color":"#8b8d94","input_height":"40px","layout-menu_icon-position":"menu_icon_right","layout-menu_icon-show_floating_logo":"1","layout-side_line-position":"above","layout-side_line-v_position":"left","layout-top_line-height":"130px","layout-top_line-is_fullwidth":"0","layout-top_line-is_sticky":"0","layout-top_line-logo-position":"left","menu-bg_color":"#8224e3","menu-bg_mode":"fullwidth_line","menu-decoration_style":"underline","menu-font_color":"#3a3a3a","menu-font_family":"Roboto:500","menu-font_size":17,"menu-font_uppercase":"1","menu-hover_decoration_color":"#a7e673","menu-hover_decoration_color_gradient":["#eeee22","#0bed56"],"menu-hover_decoration_color_mode":"accent","menu-hover_font_color":"#3a3a3a","menu-hover_font_color_gradient":["#dd3333","#0ce6ab"],"menu-hover_font_color_mode":"color","menu-iconfont_size":14,"menu-images_size":{"width":14,"height":14},"menu-items_distance":26,"menu-mobile-microwidgets-custom-icon-color":"","menu-mobile-microwidgets-custom-icon-size":"16","menu-mobile-microwidgets-font-color":"#b1b4b8","menu-mobile-microwidgets-typography":{"font_family":"Roboto:500","font_size":"13"},"menu-next_level_indicator":false,"menu-top_bottom_paddings":10,"message_bg_color":"","message_bg_opacity":100,"message_color":"#ffffff","microwidgets-search-active-width":"200px","microwidgets-search-height":"34px","microwidgets-search-typography":{"font_family":"Roboto","font_size":"14"},"microwidgets-search-width":"200px","microwidgets-search_bg-border-color":"#e2e2e2","microwidgets-search_bg-color":"#f4f4f4","microwidgets-search_bg_border_radius":"0px","microwidgets-search_bg_border_width":"0px","microwidgets-search_custom-icon":"the7-mw-icon-search-bold","microwidgets-search_font-color":"#aaaaaa","microwidgets-search_icon":"custom","microwidgets-search_icon-size":"16","microwidgets-search_input-padding":"12px 12px","microwidgets-search_overlay-bg":"color","microwidgets-search_overlay-bg-color":"rgba(0,0,0,0.9)","microwidgets-search_overlay-bg-gradient":"135deg|#ffffff 30%|#000000 100%","microwidgets-search_popup-bg-color":"rgba(255,255,255,1)","microwidgets-search_style":"popup","modules-albums-status":"enabled","modules-benefits-status":"enabled","modules-logos-status":"enabled","modules-portfolio-status":"enabled","modules-slideshow-status":"enabled","modules-team-status":"enabled","modules-testimonials-status":"enabled","page_title-background-style-transparent-color_scheme":"light","page_title-padding":"30px 30px","page_title-padding-bottom":"0px","page_title-padding-top":"0px","portfolio-breadcrumbs-text":"","portfolio-rel_projects_columns":{"wide_desktop":4,"desktop":3,"laptop":3,"h_tablet":3,"v_tablet":2,"phone":1},"portfolio-rel_projects_proportions":{"width":1,"height":1},"post-show_fancy_categories":"1","post-show_fancy_date":"1","sidebar-bg_color":"rgba(247,247,248,1)","sidebar-bg_ie_color":"#ffffff","sidebar-bg_image":{"image":"","repeat":"repeat","position_x":"center","position_y":"center"},"sidebar-bg_opacity":100,"sidebar-decoration":"none","sidebar-decoration_outline_color":"rgba(0,0,0,0.06)","sidebar-decoration_outline_opacity":6,"sidebar-distance_to_content":"50px","sidebar-divider-horizontal":"0","sidebar-divider-vertical":"1","sidebar-dividers_color":"#81d742","sidebar-dividers_ie_color":"#dadee1","sidebar-dividers_opacity":100,"sidebar-floating":false,"sidebar-headers_color":"#333333","sidebar-primary_text_color":"#8b8d94","sidebar-responsiveness":"990px","sidebar-vertical_distance":"60px","sidebar-visual_style":"with_dividers","sidebar-width":"350px","slideshow-bg_color":"#f7f7f8","slideshow-bg_fullscreen":false,"slideshow-bg_ie_color":"#ffffff","slideshow-bg_image":{"image":"","repeat":"repeat","position_x":"center","position_y":"top"},"slideshow-bg_opacity":100,"social_buttons-page":[],"social_buttons-page-button_title":"","social_buttons-photo":["facebook","twitter","pinterest","linkedin"],"social_buttons-photo-button_title":"Share This Photo","social_buttons-portfolio_post":["facebook","twitter","pinterest","linkedin"],"social_buttons-portfolio_post-button_title":"Share This Project","social_buttons-post":["facebook","twitter","pinterest","linkedin"],"social_buttons-post-button_title":"Share This Article","social_buttons-product":["twitter","facebook","pinterest","linkedin"],"social_buttons-product-button_title":"Share this product","social_buttons-visibility":"allways","stripes-stripe_1_bg_image":{"image":"","repeat":"repeat","position_x":"center","position_y":"center"},"stripes-stripe_1_color":"#f8f8f9","stripes-stripe_1_content_boxes_bg_color":"#ffffff","stripes-stripe_1_content_boxes_bg_mode":"transparent","stripes-stripe_1_content_boxes_bg_opacity":100,"stripes-stripe_1_content_boxes_decoration":"none","stripes-stripe_1_content_boxes_decoration_outline_color":"#dd3333","stripes-stripe_1_content_boxes_decoration_outline_opacity":100,"stripes-stripe_1_content_boxes_solid_bg_color":"#ffffff","stripes-stripe_1_div_color":"#dadee1","stripes-stripe_1_div_ie_color":"#dadee1","stripes-stripe_1_div_opacity":100,"stripes-stripe_1_headers_color":"#3b3f4a","stripes-stripe_1_ie_color":"#f7f7f8","stripes-stripe_1_opacity":100,"stripes-stripe_1_outline":"hide","stripes-stripe_1_outline_color":"#44bb70","stripes-stripe_1_outline_opacity":100,"stripes-stripe_1_text_color":"#787d85","stripes-stripe_2_bg_image":{"image":"","repeat":"repeat","position_x":"center","position_y":"center"},"stripes-stripe_2_color":"#23262d","stripes-stripe_2_content_boxes_bg_color":"#ffffff","stripes-stripe_2_content_boxes_bg_mode":"transparent","stripes-stripe_2_content_boxes_bg_opacity":10,"stripes-stripe_2_content_boxes_decoration":"none","stripes-stripe_2_content_boxes_decoration_outline_color":"#ffffff","stripes-stripe_2_content_boxes_decoration_outline_opacity":15,"stripes-stripe_2_content_boxes_solid_bg_color":"#ffffff","stripes-stripe_2_div_color":"#2e383c","stripes-stripe_2_div_ie_color":"#dadee1","stripes-stripe_2_div_opacity":100,"stripes-stripe_2_headers_color":"#ffffff","stripes-stripe_2_ie_color":"#f7f7f8","stripes-stripe_2_opacity":100,"stripes-stripe_2_outline":"hide","stripes-stripe_2_outline_color":"#ffffff","stripes-stripe_2_outline_opacity":15,"stripes-stripe_2_text_color":"#8b9199","stripes-stripe_3_bg_image":{"image":"https:\/\/the7.io\/main\/inc\/presets\/images\/full\/skin22.stripes-stripe-3-bg-image.jpg","repeat":"repeat","position_x":"center","position_y":"center"},"stripes-stripe_3_color":"#000000","stripes-stripe_3_content_boxes_bg_color":"#ffffff","stripes-stripe_3_content_boxes_bg_mode":"transparent","stripes-stripe_3_content_boxes_bg_opacity":10,"stripes-stripe_3_content_boxes_decoration":"none","stripes-stripe_3_content_boxes_decoration_outline_color":"#ffffff","stripes-stripe_3_content_boxes_decoration_outline_opacity":19,"stripes-stripe_3_content_boxes_solid_bg_color":"#ffffff","stripes-stripe_3_div_color":"#ffffff","stripes-stripe_3_div_ie_color":"#afc5d2","stripes-stripe_3_div_opacity":12,"stripes-stripe_3_headers_color":"#ffffff","stripes-stripe_3_ie_color":"#cacaca","stripes-stripe_3_opacity":100,"stripes-stripe_3_outline":"hide","stripes-stripe_3_outline_color":"#252728","stripes-stripe_3_outline_opacity":100,"stripes-stripe_3_text_color":"#ffffff","submenu-bg_color":"#ffffff","submenu-bg_opacity":97,"submenu-bg_width":250,"submenu-font_color":"#3a3a3a","submenu-font_family":"Roboto:500","submenu-font_size":12,"submenu-font_uppercase":"1","submenu-hover_font_color":"#895cb8","submenu-hover_font_color_gradient":["#81d742","#eeee22"],"submenu-hover_font_color_mode":"accent","submenu-iconfont_size":12,"submenu-images_size":{"width":14,"height":14},"submenu-items_distance":18,"submenu-next_level_indicator":"1","submenu-parent_clickable":false,"template_page_id_author":49482,"template_page_id_blog_category":49482,"template_page_id_blog_tags":49482,"template_page_id_date":49482,"template_page_id_gallery_category":16237,"template_page_id_portfolio_category":15311,"template_page_id_search":0,"the7_opengraph_tags":"1","top-bar-height":"36px","top-bar-transparent_bg_color":"rgba(0,0,0,0.5)","top_bar-bg-color":"rgba(255,255,255,0)","top_bar-bg-image":{"image":"","repeat":"repeat","position_x":"center","position_y":"center"},"top_bar-bg-opacity":11,"top_bar-bg-style":"fullwidth_line","top_bar-bg_color":"#282828","top_bar-bg_ie_color":"#ffffff","top_bar-bg_image":{"image":"","repeat":"repeat","position_x":"center","position_y":"center"},"top_bar-bg_mode":"solid","top_bar-bg_opacity":100,"top_bar-contact_address":"102580 Santa Monica BLVD Los Angeles","top_bar-contact_clock":"10 AM - 8 PM","top_bar-contact_email":"info@yoursite.com","top_bar-contact_info":"","top_bar-contact_phone":"+3 045 224 33 12","top_bar-contact_show":"1","top_bar-contact_skype":"yourname","top_bar-custom-icon-color":"","top_bar-custom-icon-size":"16","top_bar-dividers_color":"#dedfdf","top_bar-dividers_ie_color":"#dadee1","top_bar-dividers_opacity":100,"top_bar-font-color":"#b1b4b8","top_bar-font_size":"small","top_bar-line-color":"rgba(51,51,51,0.11)","top_bar-line-in-transparent-header":false,"top_bar-line_size":"1px","top_bar-line_style":"solid","top_bar-padding":"3px 50px 3px 50px","top_bar-paddings":8,"top_bar-paddings-bottom":5,"top_bar-paddings-horizontal":0,"top_bar-paddings-top":5,"top_bar-show":"1","top_bar-soc_ico_behance":"","top_bar-soc_ico_delicious":"","top_bar-soc_ico_devian":"","top_bar-soc_ico_dribbble":"http:\/\/dribbble.com\/dream-theme","top_bar-soc_ico_facebook":"https:\/\/www.facebook.com\/WordPress.Premium.Theme","top_bar-soc_ico_flickr":"","top_bar-soc_ico_forrst":"","top_bar-soc_ico_foursquare":"","top_bar-soc_ico_github":"","top_bar-soc_ico_google":"","top_bar-soc_ico_instagram":"http:\/\/instagram.com\/dream_theme_photo","top_bar-soc_ico_lastfm":"","top_bar-soc_ico_linkedin":"","top_bar-soc_ico_mail":"","top_bar-soc_ico_pinterest":"http:\/\/www.pinterest.com\/dreamtheme\/boards\/","top_bar-soc_ico_px-500":"","top_bar-soc_ico_rss":"","top_bar-soc_ico_skype":"","top_bar-soc_ico_stumbleupon":"","top_bar-soc_ico_tripedvisor":"","top_bar-soc_ico_tumbler":"","top_bar-soc_ico_twitter":"https:\/\/twitter.com\/premium_theme","top_bar-soc_ico_vimeo":"","top_bar-soc_ico_vk":"","top_bar-soc_ico_website":"","top_bar-soc_ico_weibo":"","top_bar-soc_ico_xing":"","top_bar-soc_ico_you-tube":"","top_bar-soc_icon_color":"#767d80","top_bar-soc_icon_hover":"default","top_bar-soc_icon_hover_color":"#2a83ed","top_bar-switch_paddings":"600px","top_bar-text":"","top_bar-text_color":"#ffffff","top_bar-typography":{"font_family":"Roboto:500","text_transform":"none","font_size":"13"},"top_bar_mobile_paddings":"3px 20px 3px 20px","wc_view_mode":"view_mode","widget_gap":"20px","widgetareas":{"11":{"sidebar_name":"WooCommerce homepage side","sidebar_desc":""},"9":{"sidebar_name":"WooCommerce product side","sidebar_desc":""},"12":{"sidebar_name":"WooCommerce footer","sidebar_desc":""},"4":{"sidebar_name":"All standard widgets","sidebar_desc":""},"3":{"sidebar_name":"All DT custom widgets","sidebar_desc":""},"1":{"sidebar_name":"Default Sidebar","sidebar_desc":"Sidebar primary widget area"},"2":{"sidebar_name":"Default Footer","sidebar_desc":"Footer primary widget area"}},"woocommerce-product_zoom":"1","woocommerce-related_btn":"1","woocommerce_add_to_cart_icon":"icomoon-the7-font-the7-cart-04","woocommerce_add_to_cart_position":"on_image","woocommerce_cart_bottom_padding":0,"woocommerce_cart_padding":"60px 0px","woocommerce_cart_switch":"990px","woocommerce_cart_top_padding":60,"woocommerce_cart_total_width":"300px","woocommerce_details_icon":"dt-icon-the7-menu-012","woocommerce_display_align":"center","woocommerce_display_product_info":"wc_btn_on_img","woocommerce_hover_image":"1","woocommerce_list_switch":"778px","woocommerce_product_cart_gap":"25px","woocommerce_product_desc_gap":"15px","woocommerce_product_img_width":"50%","woocommerce_product_price_gap":"5px","woocommerce_product_rating_gap":"10px","woocommerce_product_switch":"778px","woocommerce_product_title_gap":"15px","woocommerce_rel_products_max":"6","woocommerce_shop-sidebar-collapse":"1","woocommerce_shop_template_bwb_columns":{"desktop":3,"h_tablet":3,"v_tablet":2,"phone":1},"woocommerce_shop_template_column_min_width":"220px","woocommerce_shop_template_columns":5,"woocommerce_shop_template_fullwidth":false,"woocommerce_shop_template_gap":"18px","woocommerce_shop_template_img_width":"50%","woocommerce_shop_template_isotope":"grid","woocommerce_shop_template_layout":"grid","woocommerce_shop_template_layout_default":"masonry_grid_default","woocommerce_shop_template_loading_effect":"none","woocommerce_shop_template_responsiveness":"browser_width_based","woocommerce_show_cart_icon":"1","woocommerce_show_details_icon":"1","woocommerce_show_list_desc":"1","woocommerce_show_masonry_desc":"0","woocommerce_show_product_price":"1","woocommerce_show_product_rating":"1","woocommerce_show_product_titles":"1","woocommerce_show_single_product_title":"default","woocommerce_show_steps":"1","woocommerce_steps-bg_opacity":"100","woocommerce_steps_bg_color":"#ffffff","woocommerce_steps_color":"#333333"},"the7_dashboard_settings":{"mega-menu":true,"elementor-buttons-integration":false,"elementor-theme-style":false,"elementor-zero-paragraph-last-spacing":false,"deprecated_mega_menu_settings":true,"portfolio":true,"portfolio-breadcrumbs-text":"","testimonials":true,"team":true,"logos":false,"benefits":false,"albums":true,"slideshow":true},"wp_settings":{"show_on_front":"page","page_on_front":"32085","page_for_posts":"0"},"widgets_settings":{"widget_calendar":{"2":{"title":"Calendar"},"_multiwidget":1},"widget_archives":{"3":{"title":"Archives","count":0,"dropdown":0},"_multiwidget":1},"widget_meta":{"3":{"title":"Meta"},"_multiwidget":1},"widget_search":{"2":{"title":"Search"},"_multiwidget":1},"widget_text":{"2":{"title":"Text","text":"Aenean tempor orci libero, in sodales sem mattis in. Nullam eget nulla congue, accumsan justo nec, porttitor eros. Mauris a purus ipsum. Aenean tempor orci libero, in sodales sem mattis in. Nullam eget nulla congue, accumsan justo nec, porttitor eros. Mauris a purus ipsum.","filter":false},"_multiwidget":1},"widget_categories":{"3":{"title":"Categories","count":0,"hierarchical":0,"dropdown":0},"_multiwidget":1},"widget_recent-posts":{"3":{"title":"Recent posts","number":5,"show_date":false},"_multiwidget":1},"widget_recent-comments":{"2":{"title":"Recent comments","number":5},"3":{"title":"","number":5},"_multiwidget":1},"widget_tag_cloud":{"2":{"title":"Tag cloud","taxonomy":"post_tag"},"_multiwidget":1},"widget_nav_menu":{"2":{"title":"Custom menu","nav_menu":44},"_multiwidget":1},"widget_tp_widget_recent_tweets":{"5":{"title":"","consumerkey":"xuDL3ZxRJdvVfmzlswQYog","consumersecret":"KgZSmQ1y6Ks8rA2M1MLlXH3VaTaNHZh3eQIfhLEhtlM","accesstoken":"204316672-6sbp7m77UZH92lqdYb6Vt9VvKidGssOmlRHyBT7X","accesstokensecret":"fP1iyDElj2l1BZT6mflzDNNQwo3a4MuYtlQkGViQhg","cachetime":"1","username":"premium_theme","tweetstoshow":"5","excludereplies":"true"},"_multiwidget":1},"widget_rev-slider-widget":{"1":[],"_multiwidget":1},"widget_woocommerce_widget_cart":{"2":{"title":"CART","hide_if_empty":"1"},"_multiwidget":1},"widget_woocommerce_layered_nav_filters":{"2":{"title":"ACTIVE FILTERS"},"_multiwidget":1},"widget_woocommerce_layered_nav":{"2":{"title":"FILTER BY SIZE","attribute":"color","display_type":"dropdown","query_type":"or"},"_multiwidget":1},"widget_woocommerce_price_filter":{"2":{"title":"FILTER BY PRICE"},"_multiwidget":1},"widget_woocommerce_product_categories":{"3":{"title":"CATEGORIES","orderby":"order","dropdown":0,"count":"1","hierarchical":"1","show_children_only":0},"_multiwidget":1},"widget_woocommerce_product_search":{"2":{"title":"SEARCH"},"3":{"title":"SEARCH"},"_multiwidget":1},"widget_woocommerce_products":{"2":{"title":"FEATURED","number":"4","show":"featured","orderby":"date","order":"desc","hide_free":0,"show_hidden":0},"4":{"title":"NEW PRODUCTS","number":"3","show":"","orderby":"date","order":"desc","hide_free":0,"show_hidden":0},"_multiwidget":1},"widget_woocommerce_recently_viewed_products":{"2":{"title":"RECENTLY VIEWED","number":"4"},"3":{"title":"RECENTLY VIEWED","number":"4"},"_multiwidget":1},"widget_woocommerce_top_rated_products":{"3":{"title":"TOP RATED PRODUCTS","number":"4"},"_multiwidget":1},"widget_woocommerce_recent_reviews":{"3":{"title":"RECENT REVIEWS","number":"3"},"_multiwidget":1},"widget_presscore-contact-info-widget":{"2":{"title":"DT-Contact info","text":"Aliquam mollis massa nec varius lacinia. Pellentesque nec bibendum leo, sit amet suscipit risus. Donec ullamcorper quis eros quis adipiscing.","links":{"facebook":"\/","twitter":"\/","google":"\/","dribbble":"\/","you-tube":"\/","rss":"\/","delicious":"\/","flickr":"\/","lastfm":"\/","linkedin":"\/","vimeo":"\/","tumbler":"\/","pinterest":"\/","devian":"\/","skype":"\/","github":"\/","instagram":"\/","stumbleupon":"\/","behance":"\/","mail":"\/","website":"\/","px-500":"\/","tripedvisor":"\/","vk":"\/","foursquare":"\/","xing":"\/","weibo":"\/","odnoklassniki":"","research-gate":"","yelp":"","blogger":"","soundcloud":"","viber":"","whatsapp":"","reddit":""},"fields":[{"title":"Address:","content":"102580 Santa Monica BLVD Los Angeles"},{"title":"Phone number:","content":"+3 045 224 33 12"},{"title":"E-mail:","content":"info@yourmail.com"}]},"3":{"title":"CONTACT INFO","text":"<a href=\"http:\/\/themeforest.net\/user\/Dream-Theme\/portfolio\"><img alt=\"testbanner\" src=\"https:\/\/the7.io\/main\/wp-content\/uploads\/sites\/39\/2014\/04\/widgets-cont.jpg\" width=\"270\" height=\"90\" style=\"margin: 5px 0 15px 0;max-width: 100%;height: auto\" \/><\/a>\r\n\r\n<p>Our creative team is always ready for new awesome projects. Get in touch - let's work together and create something special!<\/p>","links":{"facebook":"","twitter":"","google":"","dribbble":"","you-tube":"","rss":"","delicious":"","flickr":"","forrst":"","lastfm":"","linkedin":"","vimeo":"","tumbler":"","pinterest":"","devian":"","skype":"","github":"","instagram":"","stumbleupon":"","behance":"","mail":"","website":"","px-500":"","tripedvisor":"","vk":"","foursquare":"","xing":"","weibo":""},"fields":[{"title":"Address:","content":"1240 Beverly Hills Lane Berry 90210"},{"title":"Phone numbers:","content":"+98 765 43 00 21, +12 34 560 07 89"}]},"4":{"title":"Contact Us","text":"","links":{"facebook":"\/","twitter":"\/","dribbble":"\/","you-tube":"\/","delicious":"\/","flickr":"\/"},"fields":[{"title":"Phone numbers:","content":"+12 345 67 00 89<br>\r\n+12 987 00 65 43"},{"title":"E-mail:","content":"sales@your-site.com"},{"title":"Business hours:","content":"Monday - Friday 10 AM - 6 PM"}]},"_multiwidget":1},"widget_presscore-custom-menu-one":{"7":{"title":"Custom menu style 1","menu":"449","divider":false},"9":{"title":"","menu":"427"},"10":{"title":"","menu":"422"},"11":{"title":"","menu":"425"},"12":{"title":"","menu":"456"},"13":{"title":"","menu":"420"},"14":{"title":"","menu":"419"},"_multiwidget":1},"widget_presscore-custom-menu-two":{"3":{"title":"TYPOGRAPHY","menu":"422"},"5":{"title":"POST TYPES BASED","menu":"423"},"6":{"title":"IMAGES & VIDEO","menu":"425"},"7":{"title":"LAYOUT ELEMENTS","menu":"427"},"9":{"title":"PREMIUM PLUGINS INCLUDED","menu":"420"},"10":{"title":"COMPATIBLE WITH","menu":"419"},"12":{"title":"Custom menu style 2","menu":"449"},"_multiwidget":1},"widget_presscore-blog-posts":{"4":{"title":"DT-Blog posts","order":"DESC","orderby":"date","show":4,"select":"only","cats":["1"],"thumbnails":1,"images_dimensions":{"w":60,"h":60},"round_images":1,"show_excerpts":0},"7":{"title":"Recent Posts","order":"DESC","orderby":"date","show":5,"select":"all","cats":[],"thumbnails":1,"images_dimensions":{"w":65,"h":50},"round_images":0,"show_excerpts":0},"9":{"title":"Recent Posts","order":"DESC","orderby":"date","show":4,"select":"all","cats":["3"],"thumbnails":1,"round_images":0,"images_dimensions":{"w":65,"h":50},"show_excerpts":0},"_multiwidget":1},"widget_presscore-blog-categories":{"2":{"title":"DT-Blog categories","select":"all","cats":["2"]},"5":{"title":"","select":"all","cats":[]},"6":{"title":"","select":"all","cats":[]},"8":{"title":"Blog categories","select":"all","cats":[]},"9":{"title":"Blog Categories","select":"all","cats":[]},"_multiwidget":1},"widget_presscore-progress-bars-widget":{"2":{"title":"DT-Progress bars","text":"Lorem ipsum dolor sit amet, consectetur adipiscing elit. Phasellus vitae magna a nisi scelerisque dictum vel vel lacus lorem ipsum.","fields":{"0":{"title":"Default color","percent":95,"color":"","show_percent":true},"1":{"title":"Blue","percent":70,"color":"#20a4fc","show_percent":true},"2":{"title":"Green","percent":57,"color":"#7fed3b","show_percent":true},"4":{"title":"Red","percent":42,"color":"#ff145a","show_percent":true},"6":{"title":"Orange","percent":36,"color":"#ff9000","show_percent":true}}},"3":{"title":"Our Exprience","text":"","fields":[{"title":"Photography - 10 years","percent":100,"color":"","show_percent":false},{"title":"Web Design - 8 years","percent":80,"color":"","show_percent":false},{"title":"Marketing - 7 years","percent":70,"color":"","show_percent":false},{"title":"Consulting - 5 years","percent":50,"color":"","show_percent":false}]},"4":{"title":"Progress bars","text":"","fields":[{"title":"Desgn","percent":90,"color":"#18dd95","show_percent":true},{"title":"Codding","percent":80,"color":"#a3ce08","show_percent":true}]},"_multiwidget":1},"widget_presscore-contact-form-widget":{"3":{"title":"DT-Contact form","text":"Aenean tempor orci libero, in sodales sem mattis in. Nullam eget nulla congue, accumsan justo nec, porttitor eros. Mauris a purus ipsum.","fields":{"name":{"on":true,"required":true},"email":{"on":true,"required":true},"telephone":{"on":true,"required":false},"country":{"on":true,"required":false},"city":{"on":true,"required":false},"company":{"on":true,"required":false},"website":{"on":true,"required":false},"message":{"on":true,"required":false}},"send_to":"irina@forge.com.ua","msg_height":6,"button_size":"m","button_title":""},"4":{"title":"Conract form","text":"","fields":{"name":{"on":true,"required":true},"email":{"on":true,"required":true},"telephone":{"on":false,"required":false},"country":{"on":false,"required":false},"city":{"on":false,"required":false},"company":{"on":false,"required":false},"website":{"on":false,"required":false},"message":{"on":true,"required":false}},"send_to":"","msg_height":6,"button_size":"m","button_title":""},"_multiwidget":1},"widget_presscore-accordion-widget":{"3":{"title":"DT-Accordion","fields":[{"title":"Programming","content":"Lorem ipsum dolor sit amet, consectetur adipiscing elit. Phasellus vitae magna a nisi scelerisque dictum vel vel lacus. Ut porttitor quam quis purus lobortis volutpat."},{"title":"Coding","content":"Donec ullamcorper quis eros quis adipiscing. Aenean tempor orci libero, in sodales sem mattis in. Nullam eget nulla congue, accumsan justo nec, porttitor eros. Mauris a purus ipsum."},{"title":"Design","content":"Phasellus vitae magna a nisi scelerisque dictum vel vel lacus. Ut porttitor quam quis purus lobortis volutpat. Aenean vel vestibulum risus. Cras posuere ipsum sed tortor ullamcorper interdum."},{"title":"Photography","content":"Donec id sem nisl. Ut rhoncus, justo et tristique elementum, sapien ante varius felis, at vulputate tortor ipsum eget urna. Aliquam rhoncus facilisis orci interdum accumsan."}]},"5":{"title":"SERVICES & PRODUCTS","fields":[{"title":"Photo &amp; Video Production","content":"Nam et urna ante, vitae pretium lacus. Vivamus ullamcorper leo risus, non vehicula odio. In consectetur viverra ante, eget vulputate magna aliquam in. Ut sem arcu, consequat quis lacinia id, ultrices in felis. Suspendisse potenti. "},{"title":"Wed Design Services","content":"Lorem ipsum dolor sit amet, consectetur adipiscing elit. Vestibulum in tempus lorem aliquam dictum lacus quis tincidunt. Vivamus ullam corper leo risus, non vehicula odio. In consectetur viverra ante, eget vulputate magna aliquam in. Ut sem arcu, consequat quis lacinia id, ultrices in felis. "},{"title":"Marketing, PR, SEO, SMM","content":"Vivamus ullamcorper leo risus, non vehicula odio. In consectetur viverra ante, eget vulputate magna aliquam in. Ut sem arcu, consequat quis lacinia id, ultrices in felis. Suspendisse potenti aliquam dictum lacus quis tincidunt. "},{"title":"Business Consulting","content":"Proin placerat viverra tempor. Morbi augue dui, bibendum quis euismod sit amet, tincidunt id dui. Integer auctor turpis vel orci blandit sit amet bibendum felis varius. Proin aliquam dictum lacus quis tincidunt tellus mi, eleifend non venenatis sit amet, ullamcorper at ligula."},{"title":"Other Creative Services","content":"Vivamus ullamcorper leo risus, non vehicula odio. In consectetur viverra ante, eget vulputate magna aliquam in. Ut sem arcu, consequat quis lacinia id, ultrices in felis. Suspendisse potenti aliquam dictum lacus quis tincidunt. "}]},"6":{"title":"Services","fields":[{"title":"Web Development","content":"Integer vitae ante vitae mauris ipsum massa lorem ipsum dolor  ipsum massa sed turpis aliquam eleifend id pulvinar vulputate tristique urna, nec feugiat."},{"title":"Photo &amp; Video Production","content":"Lorem aute irure  ipsum massa sed turpis aliquam eleifend id pulvinar tristique urna, nec feugiat lorem ipsum dolor incididunt ut labore et dolore magna lorem nulla."},{"title":"Marketing &amp; PR","content":"Gaute irure dolor adipisicing elit, sed do eiusmod tempor incididunt  ipsum massa sed turpis vulputate tristique urna, nec feugiat lorem ipsum dolor."},{"title":"Business Consulting","content":"Amet null vulputate tristique urna, nec feugiat lorem ipsum dolor vitae ante vitae mauris sed turpis aliquam eleifend id pulvinar aliquam eleifend id pulvinar metus sed lorem."}]},"7":{"title":"OUR SERVICES","fields":[{"title":"Photography","content":"Curabitur laoreet fringilla lorem ipsum porta. Nullam rutrum velit eget quam pretium vehicula. Maecenas enim velit dolor amet, quis lorem ipsum."},{"title":"Video Production","content":"Nullam rutrum velit dolor amet glavrida tellus, quis lorem ipsum eget quam pretium vehicula. Maecenas dolor amet glavrida tellus, quis lorem ipsum tooltip luctus ligula."},{"title":"Marketing &amp; PR","content":"Laoreet fringilla rutrum velit eget quam pretium vehicula amet glavrida tellus, quis lorem ipsum  velit. Curabitur dolor amet glavrida tellus, quis lorem ipsum tooltip luctus ligula."}]},"8":{"title":"USEFUL INFO","fields":[{"title":"Shipping","content":"Suscipit purus vitae, hendrerit tortoreu rhoncus nulla, vitae laoreet estortor malesuada. Vestibulum porta pellentesque bibendum. In consequat, massa sit amet euismod consequat."},{"title":"Return policy","content":"Vestibulum porta pellentesque bibendum. In consequat, massa sit amet euismod consequat, lectus augue vehicula odio, nec laoreet purus orci sit amet neque.\r\n"},{"title":"Contact","content":"<p><i class=\"fa fa-phone fa-fw\"><\/i> (424) 123-0045 , (424)123-0067<\/p>\r\n\r\n<p><i class=\"fa fa-paper-plane-o fa-fw\"><\/i> sales@yoursite.com<\/p>\r\n\r\n<p><i class=\"fa fa-clock-o fa-fw\"><\/i> Monday \u2013 Friday 10 AM \u2013 8 PM<\/p>"}]},"9":{"title":"Services","fields":{"1":{"title":"Photography","content":"Glavrida for habitant morbi tristique senectus et netus et malesuada fames ac turpis egestas habitant morbi tristique senectus. Fusce nec ipsum.\r\n"},"0":{"title":"Web Design","content":"Lorem ipsum dolor senectus et habitant morbi tristique senectusnetus et malesuada fames ac turpis egestas. Fusce ipsum ac mauris imperdiet luctus sed vitaea amet glavrida dolor lorem ipsum.\r\n"},"2":{"title":"Marketing &amp; PR","content":"Ipsum amet habitant morbi tristique senectus et netus et malesuada fames ac turpis egestas. Fusce nec ipsum ac mauris imperdiet luctus amet glavrida dolor lorem ipsu sed vitae dolor."},"3":{"title":"Programming","content":"Pellentesque et netus et malesuada fames ac turpis egestas. Fusce nec ipsum ac mauris imperdiet luctus sed vitae ligula.\r\n"},"4":{"title":"Consulting","content":"Ipsum amet habitant morbi tristique senectus et netus et malesuada fames ac turpis egestas. Fusce nec ipsum ac mauris imperdiet luctus amet glavrida dolor lorem ipsu sed vitae dolor."}}},"_multiwidget":1},"widget_presscore-portfolio":{"3":{"title":"DT-Portfolio projects","order":"DESC","orderby":"date","select":"all","show":6,"cats":[],"max_width":150},"6":{"title":"FEATURED PROJECTS","order":"DESC","orderby":"date","select":"all","show":16,"cats":[]},"7":{"title":"Recent Projects","order":"DESC","orderby":"date","select":"all","show":6,"cats":[],"max_width":100},"_multiwidget":1},"widget_presscore-photos":{"2":{"title":"DT-Photos","order":"DESC","orderby":"date","select":"all","show":12,"cats":[],"max_width":65},"_multiwidget":1},"widget_presscore-team":{"2":{"title":"DT-Team","order":"DESC","orderby":"date","select":"all","show":6,"cats":[],"autoslide":0,"show_excerpt":1},"3":{"title":"","show_excerpt":1,"order":"DESC","orderby":"date","select":"all","show":6,"cats":[],"autoslide":0},"4":{"title":"Team","show_excerpt":1,"order":"DESC","orderby":"date","select":"all","show":6,"cats":[],"autoslide":0},"_multiwidget":1},"widget_presscore-testimonials-slider":{"4":{"title":"DT-Testimonials slider","order":"DESC","orderby":"date","select":"only","show":6,"cats":["23"],"autoslide":0},"5":{"title":"WHAT CLIENT SAY","order":"DESC","orderby":"date","select":"only","show":6,"cats":["24"],"autoslide":0},"6":{"title":"Testiminials slider","order":"DESC","orderby":"date","select":"all","show":6,"cats":[],"autoslide":0},"_multiwidget":1},"sidebars_widgets":{"wp_inactive_widgets":["presscore-blog-categories-8","presscore-contact-form-widget-4","presscore-progress-bars-widget-4","presscore-team-4","presscore-contact-info-widget-3","presscore-testimonials-slider-5","presscore-accordion-widget-5","presscore-portfolio-6","recent-comments-3","presscore-blog-categories-6","presscore-blog-categories-5","9022","9022","9022","9022","9022","9022","9022","9022","9022","9022","presscore-accordion-widget-7","9022","presscore-custom-menu-one-9","presscore-custom-menu-one-10","presscore-custom-menu-one-11","presscore-custom-menu-one-12","presscore-custom-menu-one-13","presscore-custom-menu-one-14"],"sidebar_11":["woocommerce_product_search-3","woocommerce_layered_nav_filters-2","woocommerce_product_categories-3","woocommerce_layered_nav-2","woocommerce_price_filter-2","woocommerce_recently_viewed_products-3","woocommerce_products-2"],"sidebar_9":["woocommerce_widget_cart-2","woocommerce_product_search-2","woocommerce_recently_viewed_products-2","woocommerce_top_rated_products-3","presscore-team-3"],"sidebar_12":["woocommerce_products-4","woocommerce_recent_reviews-3","presscore-accordion-widget-8"],"sidebar_4":["categories-3","recent-comments-2","meta-3","text-2","calendar-2","tag_cloud-2","archives-3","nav_menu-2","recent-posts-3","presscore-testimonials-slider-6","tp_widget_recent_tweets-5"],"sidebar_3":["search-2","presscore-blog-posts-4","presscore-blog-categories-2","presscore-progress-bars-widget-2","presscore-contact-form-widget-3","presscore-contact-info-widget-2","presscore-portfolio-3","presscore-photos-2","presscore-accordion-widget-3","presscore-team-2","presscore-testimonials-slider-4","presscore-custom-menu-two-12","presscore-custom-menu-one-7","presscore-custom-menu-two-9","presscore-custom-menu-two-10"],"sidebar_1":["presscore-blog-posts-7","presscore-blog-categories-9","presscore-accordion-widget-6","presscore-portfolio-7","presscore-progress-bars-widget-3","presscore-custom-menu-two-5","presscore-custom-menu-two-7","presscore-custom-menu-two-6","presscore-custom-menu-two-3"],"sidebar_2":["presscore-contact-info-widget-4","presscore-accordion-widget-9","presscore-blog-posts-9"],"array_version":3}},"nav_menu_locations":{"primary":424,"top":418,"bottom":418,"split_left":449,"split_right":450,"mobile":0,"header_microwidget2":0},"ultimate_selected_google_fonts":[{"font_family":"Roboto","font_name":"Roboto","variants":[{"variant_value":"100","variant_selected":"false"},{"variant_value":"100italic","variant_selected":"false"},{"variant_value":"300","variant_selected":"false"},{"variant_value":"300italic","variant_selected":"false"},{"variant_value":"italic","variant_selected":"false"},{"variant_value":"500","variant_selected":"false"},{"variant_value":"500italic","variant_selected":"false"},{"variant_value":"700","variant_selected":"true"},{"variant_value":"700italic","variant_selected":"false"},{"variant_value":"900","variant_selected":"false"},{"variant_value":"900italic","variant_selected":"false"}],"subsets":[{"subset_value":"greek","subset_selected":"false"},{"subset_value":"cyrillic","subset_selected":"false"},{"subset_value":"latin","subset_selected":"false"},{"subset_value":"vietnamese","subset_selected":"false"},{"subset_value":"cyrillic-ext","subset_selected":"false"},{"subset_value":"greek-ext","subset_selected":"false"},{"subset_value":"latin-ext","subset_selected":"false"}]}],"ultimate_icon_fonts":{"icomoon-numbers-32x32":{"include":"smile_fonts\/icomoon-numbers-32x32","folder":"smile_fonts\/icomoon-numbers-32x32","style":"icomoon-numbers-32x32\/icomoon-numbers-32x32.css","config":"charmap.php"}},"the7_fontawesome_version":"fa5","woocommerce":{"woocommerce_shop_page_id":"18676","woocommerce_cart_page_id":"18667","woocommerce_checkout_page_id":"18669","woocommerce_myaccount_page_id":"18673","woocommerce_terms_page_id":"30297","woocommerce_single_image_width":"900","woocommerce_thumbnail_image_width":"900","woocommerce_thumbnail_cropping":"1:1"},"wc_attributes":[],"the7_core_post_types_builder":{"post_types":[],"taxonomies":[]},"revolution_sliders":["the7-creative-grid","the7-business-with-white-gradient","the7-hero-scene-bottom-icons"],"vc_settings":{"use_custom":"1","vc_color":"#f7f7f7","vc_color_hover":"#F0F0F0","vc_color_call_to_action_bg":"","vc_color_google_maps_bg":"","vc_color_post_slider_caption_bg":"","vc_color_progress_bar_bg":"","vc_color_separator_border":"","vc_color_tab_bg":"","vc_color_tab_bg_active":"","margin":"0px","gutter":"50","responsive_max":"778"}}